No,Restaurant,Rating,Number of Comments,Cuisine,Budget,Locality,URL,Image URL
3,,,,,,Taksim,https://www.zomato.com/gunayrestaurant/info,https://b.zmtcdn.com/data/res_imagery/5916071_RESTAURANT_9a29593490e692b7e9c16e8b5453aacd.jpg?fit=around%7C450%3A450&crop=450%3A450%3B0%2C0
4,,,,,,Taksim,https://www.zomato.com/istanbul/sultanas-harbiye-istanbul/info,https://b.zmtcdn.com/data/pictures/3/5903713/81c7fc0cb625a258ac32fa9be87f6c45_featured_v2.jpg?output-format=webp
5,,,,,,Taksim,https://www.zomato.com/istanbul/nusr-et-steakhouse-sandal-bedesteni-beyaz%C4%B1t-istanbul/info,https://b.zmtcdn.com/data/pictures/0/5915530/e8ce80244d3c9795fc90f10e5325c0aa.jpg?fit=around%7C450%3A450&crop=450%3A450%3B0%2C186
6,,,,,,Taksim,https://www.zomato.com/istanbul/frankie-i%CC%87stanbul-the-sofa-hotel-ni%C5%9Fanta%C5%9F%C4%B1-istanbul/info,
7,,,,,,Taksim,https://www.zomato.com/istanbul/turk-bomonti-istanbul/info,
8,,,,,,Taksim,https://www.zomato.com/istanbul/meftun-ortak%C3%B6y-merkez-istanbul/info,
9,,,,,,Taksim,https://www.zomato.com/istanbul/mikla-restaurant-the-marmara-pera-hotel-asmal%C4%B1mescit-istanbul/info,
10,,,,,,Taksim,https://www.zomato.com/istanbul/yeni-lokanta-taksim-istanbul/info,
11,,,,,,Taksim,https://www.zomato.com/istanbul/vogue-akaretler-istanbul/info,
12,,,,,,Taksim,https://www.zomato.com/istanbul/aqua-restaurant-four-seasons-hotel-bosphorus-be%C5%9Fikta%C5%9F-merkez-istanbul/info,
13,,,,,,Taksim,https://www.zomato.com/istanbul/laledan-restaurant-ciragan-palace-kempinski-be%C5%9Fikta%C5%9F-merkez-istanbul/info,
14,,,,,,Taksim,https://www.zomato.com/istanbul/tu%C4%9Fra-restaurant-%C3%A7%C4%B1ra%C4%9Fan-palace-kempinski-be%C5%9Fikta%C5%9F-merkez-istanbul/info,
15,,,,,,Taksim,https://www.zomato.com/istanbul/chalet-swissotel-the-bosphorus-ma%C3%A7ka-istanbul/info,
16,,,,,,Taksim,https://www.zomato.com/istanbul/anason-34-four-seasons-hotel-bosphorus-be%C5%9Fikta%C5%9F-merkez-istanbul/info,
17,,,,,,Taksim,https://www.zomato.com/istanbul/s-lounge-ortak%C3%B6y-merkez-istanbul/info,
18,,,,,,Taksim,https://www.zomato.com/istanbul/dragon-restaurant-hilton-i%CC%87stanbul-bosphorus-harbiye-istanbul/info,
19,,,,,,Taksim,https://www.zomato.com/istanbul/bi-daha-meyhane-2-taksim-istanbul/info,
20,,,,,,Taksim,https://www.zomato.com/istanbul/atelier-real-food-the-ritz-carlton-istanbul-g%C3%BCm%C3%BC%C5%9Fsuyu-istanbul/info,
21,,,,,,Taksim,https://www.zomato.com/istanbul/bleu-lounge-the-ritz-carlton-istanbul-g%C3%BCm%C3%BC%C5%9Fsuyu-istanbul/info,
22,,,,,,Taksim,https://www.zomato.com/istanbul/chef-mezze-g%C3%BCm%C3%BC%C5%9Fsuyu-istanbul/info,
23,,,,,,Taksim,https://www.zomato.com/istanbul/k%C4%B1z-kulesi-restaurant-salacak-istanbul/info,
24,,,,,,Taksim,https://www.zomato.com/istanbul/spago-st-regis-i%CC%87stanbul-ni%C5%9Fanta%C5%9F%C4%B1-istanbul/info,
25,,,,,,Taksim,https://www.zomato.com/istanbul/16-roof-swissotel-the-bosphorus-ma%C3%A7ka-istanbul/info,
26,,,,,,Taksim,https://www.zomato.com/istanbul/le-fumoir-%C3%A7%C4%B1ra%C4%9Fan-palace-kempinski-1-be%C5%9Fikta%C5%9F-merkez-istanbul/info,
27,,,,,,Taksim,https://www.zomato.com/istanbul/kiva-bomonti-istanbul/info,
28,,,,,,Taksim,https://www.zomato.com/istanbul/gazebo-lounge-%C3%A7%C4%B1ra%C4%9Fan-palace-kempinski-1-be%C5%9Fikta%C5%9F-merkez-istanbul/info,
29,,,,,,Taksim,https://www.zomato.com/istanbul/yalan-d%C3%BCnya-ni%C5%9Fanta%C5%9F%C4%B1-istanbul/info,
30,,,,,,Taksim,https://www.zomato.com/istanbul/ocakba%C5%9F%C4%B1-four-seasons-hotel-bosphorus-be%C5%9Fikta%C5%9F-merkez-istanbul/info,
31,,,,,,Taksim,https://www.zomato.com/istanbul/rocca-raffles-i%CC%87stanbul-levaz%C4%B1m-istanbul/info,
32,,,,,,Taksim,https://www.zomato.com/istanbul/yal%C4%B1-lounge-four-seasons-hotel-bosphorus-be%C5%9Fikta%C5%9F-merkez-istanbul/info,
33,,,,,,Taksim,https://www.zomato.com/istanbul/g%C3%BCnayd%C4%B1n-steakhouse-levaz%C4%B1m-istanbul/info,
34,,,,,,Taksim,https://www.zomato.com/istanbul/civarda-karak%C3%B6y-karak%C3%B6y-istanbul/info,
35,,,,,,Taksim,https://www.zomato.com/istanbul/the-bono-ni%C5%9Fanta%C5%9F%C4%B1-istanbul/info,
36,,,,,,Taksim,https://www.zomato.com/istanbul/blue-roof-karak%C3%B6y-istanbul/info,
37,,,,,,Taksim,https://www.zomato.com/istanbul/octo-karak%C3%B6y-istanbul/info,
38,,,,,,Taksim,https://www.zomato.com/istanbul/meyhane-istanbul-city-center-hotel-taksim-istanbul/info,
39,,,,,,Taksim,https://www.zomato.com/istanbul/ala%C3%A7at%C4%B1-kafas%C4%B1-pera-si%C5%9Fhane-istanbul/info,
40,,,,,,Taksim,https://www.zomato.com/istanbul/cloud-34-hilton-stanbul-bomonti-bomonti/info,
41,,,,,,Taksim,https://www.zomato.com/istanbul/sky-bar-restaurant-mercure-istanbul-the-plaza-bosphorus-gayrettepe-merkez-istanbul/info,
42,,,,,,Taksim,https://www.zomato.com/istanbul/keyf-i-sefa-taksim-istanbul/info,
43,,,,,,Taksim,https://www.zomato.com/istanbul/360-i%CC%87stanbul-taksim-istanbul/info,
44,,,,,,Taksim,https://www.zomato.com/istanbul/rose-meze-cihangir-istanbul/info,
45,,,,,,Taksim,https://www.zomato.com/istanbul/peran-meyhane-the-galata-istanbul-hotel-galata-istanbul/info,
46,,,,,,Taksim,https://www.zomato.com/istanbul/m%C3%BCzeyyen-asmal%C4%B1mescit-asmal%C4%B1mescit-istanbul/info,
47,,,,,,Taksim,https://www.zomato.com/istanbul/banyan-restaurant-ortak%C3%B6y-merkez-istanbul/info,
48,,,,,,Taksim,https://www.zomato.com/istanbul/eleni-meyhanesi-be%C5%9Fikta%C5%9F-merkez-istanbul/info,
49,,,,,,Taksim,https://www.zomato.com/istanbul/m%C3%BCrver-restaurant-4-karak%C3%B6y-istanbul/info,
50,,,,,,Taksim,https://www.zomato.com/istanbul/zorba-taverna-gayrettepe-merkez-istanbul/info,
51,,,,,,Taksim,https://www.zomato.com/istanbul/niwa-narita-kuru%C3%A7e%C5%9Fme/info,
52,,,,,,Taksim,https://www.zomato.com/istanbul/bonn-karak%C3%B6y-1-karak%C3%B6y-istanbul/info,
53,,,,,,Taksim,https://www.zomato.com/istanbul/seven-hills-restaurant-sultanahmet-istanbul/info,
54,,,,,,Taksim,https://www.zomato.com/istanbul/zanzibar-levaz%C4%B1m-istanbul/info,
55,,,,,,Taksim,https://www.zomato.com/istanbul/w-lounge-w-hotel-i%CC%87stanbul-akaretler-istanbul/info,
56,,,,,,Taksim,https://www.zomato.com/istanbul/le-baron-levaz%C4%B1m-istanbul/info,
57,,,,,,Taksim,https://www.zomato.com/istanbul/k%C3%BC%C3%A7%C3%BCk-by-klein-karak%C3%B6y-istanbul/info,
58,,,,,,Taksim,https://www.zomato.com/istanbul/%C5%9Fen-%C5%9Fakrak-meyhane-gayrettepe-merkez-istanbul/info,
59,,,,,,Taksim,https://www.zomato.com/istanbul/pera-adal%C4%B1-grand-hotel-hali%C3%A7-si%C5%9Fhane-istanbul/info,
60,,,,,,Taksim,https://www.zomato.com/hadikarakoy/info,
61,,,,,,Taksim,https://www.zomato.com/istanbul/sun-terrace-meyhane-ortak%C3%B6y-merkez-istanbul/info,
62,,,,,,Taksim,https://www.zomato.com/istanbul/adana-il-s%C4%B1n%C4%B1r%C4%B1-harbiye-istanbul/info,
63,,,,,,Taksim,https://www.zomato.com/istanbul/sortie-restaurant-kuru%C3%A7e%C5%9Fme-istanbul/info,
64,,,,,,Taksim,https://www.zomato.com/istanbul/eleos-restaurant-taksim-istanbul/info,
65,,,,,,Taksim,https://www.zomato.com/istanbul/sade-meyhane-taksim-istanbul/info,
66,,,,,,Taksim,https://www.zomato.com/istanbul/neolokal-galata-istanbul/info,
67,,,,,,Taksim,https://www.zomato.com/istanbul/tiraje-teras-ni%C5%9Fanta%C5%9F%C4%B1-istanbul/info,
68,,,,,,Taksim,https://www.zomato.com/istanbul/isokyo-istanbul-raffles-istanbul-levaz%C4%B1m-istanbul/info,
69,,,,,,Taksim,https://www.zomato.com/istanbul/cibalikap%C4%B1-bal%C4%B1k%C3%A7%C4%B1s%C4%B1-balat-istanbul/info,
70,,,,,,Taksim,https://www.zomato.com/istanbul/agafya-meyhanesi-be%C5%9Fikta%C5%9F-merkez-istanbul/info,
71,,,,,,Taksim,https://www.zomato.com/istanbul/zarifi-2-taksim-istanbul/info,
72,,,,,,Taksim,https://www.zomato.com/istanbul/nasip-meze-restoran-taksim-istanbul/info,
73,,,,,,Taksim,https://www.zomato.com/istanbul/%C5%9Fehzade-restaurant-taksim-istanbul/info,
74,,,,,,Taksim,https://www.zomato.com/istanbul/cecconis-asmal%C4%B1mescit-istanbul/info,
75,,,,,,Taksim,https://www.zomato.com/istanbul/izaka-cvk-park-bosphorus-hotel-i%CC%87stanbul-g%C3%BCm%C3%BC%C5%9Fsuyu-istanbul/info,
76,,,,,,Taksim,https://www.zomato.com/istanbul/cuma-cihangir-istanbul/info,
77,,,,,,Taksim,https://www.zomato.com/istanbul/34-restaurant-grand-hyatt-i%CC%87stanbul-g%C3%BCm%C3%BC%C5%9Fsuyu-istanbul/info,
78,,,,,,Taksim,https://www.zomato.com/istanbul/sur-bal%C4%B1k-restaurant-cihangir-istanbul/info,
79,,,,,,Taksim,https://www.zomato.com/istanbul/chapelle-rixos-pera-i%CC%87stanbul-asmal%C4%B1mescit-istanbul/info,
80,,,,,,Taksim,https://www.zomato.com/istanbul/sil-ba%C5%9Ftan-meyhane-cihangir-istanbul/info,
81,,,,,,Taksim,https://www.zomato.com/istanbul/firuze-beyo%C4%9Flu-si%C5%9Fhane-istanbul/info,
82,,,,,,Taksim,https://www.zomato.com/istanbul/comedus-asmal%C4%B1mescit-istanbul/info,
83,,,,,,Taksim,https://www.zomato.com/istanbul/1931-fischer-restaurant-bar-g%C3%BCm%C3%BC%C5%9Fsuyu-istanbul/info,
84,,,,,,Taksim,https://www.zomato.com/istanbul/steak-n-more-istanbull-radisson-blu-hotel-asmal%C4%B1mescit-istanbul/info,
85,,,,,,Taksim,https://www.zomato.com/istanbul/golden-hour-rixos-pera-istanbul-asmal%C4%B1mescit-istanbul/info,
86,,,,,,Taksim,https://www.zomato.com/istanbul/fevkalade-meyhane-palazzo-doniletti-hotel-asmal%C4%B1mescit-istanbul/info,
87,,,,,,Taksim,https://www.zomato.com/istanbul/rana-meyhane-g%C3%BCm%C3%BC%C5%9Fsuyu-istanbul/info,
88,,,,,,Taksim,https://www.zomato.com/istanbul/aram%C4%B1zda-kals%C4%B1n-cihangir-istanbul/info,
89,,,,,,Taksim,https://www.zomato.com/istanbul/k-set-g%C3%BCm%C3%BC%C5%9Fsuyu-istanbul/info,
90,,,,,,Taksim,https://www.zomato.com/istanbul/rika-teras-cihangir-istanbul/info,
91,,,,,,Taksim,https://www.zomato.com/istanbul/dubb-indian-bosphorus-restaurant-hilton-i%CC%87stanbul-bosphorus-harbiye-istanbul/info,
92,,,,,,Taksim,https://www.zomato.com/istanbul/agora-meyhanesi-1890-balat-istanbul/info,
93,,,,,,Taksim,https://www.zomato.com/istanbul/parle-levaz%C4%B1m-istanbul/info,
94,,,,,,Taksim,https://www.zomato.com/istanbul/ruby-5-ortak%C3%B6y-merkez-istanbul/info,
95,,,,,,Taksim,https://www.zomato.com/istanbul/ada-soka%C4%9F%C4%B1-be%C5%9Fikta%C5%9F-merkez-istanbul/info,
96,,,,,,Taksim,https://www.zomato.com/istanbul/cantinery-levaz%C4%B1m-istanbul/info,
97,,,,,,Taksim,https://www.zomato.com/istanbul/alb%C3%BCm-kuru%C3%A7e%C5%9Fme-istanbul/info,
98,,,,,,Taksim,https://www.zomato.com/istanbul/shang-palace-shangri-la-bosphorus-i%CC%87stanbul-be%C5%9Fikta%C5%9F-merkez-istanbul/info,
99,,,,,,Taksim,https://www.zomato.com/istanbul/sabrosa-swissotel-the-bosphorus-ma%C3%A7ka-istanbul/info,
100,,,,,,Taksim,https://www.zomato.com/istanbul/endam-istanbul-karak%C3%B6y-istanbul/info,
101,,,,,,Taksim,https://www.zomato.com/istanbul/blackk-kuru%C3%A7e%C5%9Fme-1-kuru%C3%A7e%C5%9Fme-istanbul/info,
102,,,,,,Taksim,https://www.zomato.com/istanbul/zargana-sortie-kuru%C3%A7e%C5%9Fme-istanbul/info,
103,,,,,,Taksim,https://www.zomato.com/istanbul/ya-sonra-karak%C3%B6y-karak%C3%B6y-istanbul/info,
104,,,,,,Taksim,https://www.zomato.com/istanbul/zerdeli-ortak%C3%B6y-princess-hotel-ortak%C3%B6y-merkez-istanbul/info,
105,,,,,,Taksim,https://www.zomato.com/istanbul/ist-too-shangri-la-bosphorus-i%CC%87stanbul-be%C5%9Fikta%C5%9F-merkez-istanbul/info,
106,,,,,,Taksim,https://www.zomato.com/istanbul/balat-meze-ayvansaray-istanbul/info,
107,,,,,,Taksim,https://www.zomato.com/istanbul/harbiye-sahne-bar-restaurant-harbiye-istanbul/info,
108,,,,,,Taksim,https://www.zomato.com/istanbul/k%C3%A2fi-meze-akaretler-istanbul/info,
109,,,,,,Taksim,https://www.zomato.com/istanbul/the-globe-hilton-stanbul-bomonti-bomonti/info,
110,,,,,,Taksim,https://www.zomato.com/istanbul/mey-ziyade-fulya-istanbul/info,
111,,,,,,Taksim,https://www.zomato.com/istanbul/ahali-te%C5%9Fvikiye-4-ni%C5%9Fanta%C5%9F%C4%B1-istanbul/info,
112,,,,,,Taksim,https://www.zomato.com/istanbul/madam-despina-ferik%C3%B6y-istanbul/info,
113,,,,,,Taksim,https://www.zomato.com/istanbul/grkan-ef-steakhouse-ni%C5%9Fanta%C5%9F%C4%B1-istanbul/info,
114,,,,,,Taksim,https://www.zomato.com/istanbul/manzara-restaurant-conrad-i%CC%87stanbul-bosphorus-be%C5%9Fikta%C5%9F-merkez-istanbul/info,
115,,,,,,Taksim,https://www.zomato.com/istanbul/bi-bal%C4%B1k-karak%C3%B6y-karak%C3%B6y-istanbul/info,
116,,,,,,Taksim,https://www.zomato.com/istanbul/la-vi%C3%B1a-1-levaz%C4%B1m-istanbul/info,
117,,,,,,Taksim,https://www.zomato.com/istanbul/lobby-lounge-shangri-la-bosphorus-i%CC%87stanbul-be%C5%9Fikta%C5%9F-merkez-istanbul/info,
118,,,,,,Taksim,https://www.zomato.com/istanbul/l%C3%BCsyen-karak%C3%B6y-karak%C3%B6y-istanbul/info,
119,,,,,,Taksim,https://www.zomato.com/istanbul/the-terrace-restaurant-the-president-hotel-beyaz%C4%B1t-istanbul/info,
120,,,,,,Taksim,https://www.zomato.com/istanbul/oasis-restaurant-swissotel-the-bosphorus-ma%C3%A7ka-istanbul/info,
121,,,,,,Taksim,https://www.zomato.com/istanbul/the-wox-sultanahmet-istanbul/info,
122,,,,,,Taksim,https://www.zomato.com/istanbul/terrace-restaurant-bar-double-tree-by-hilton-istanbul-old-town-beyaz%C4%B1t-istanbul/info,
123,,,,,,Taksim,https://www.zomato.com/istanbul/muallim-ocakba%C5%9F%C4%B1-ortak%C3%B6y-merkez-istanbul/info,
124,,,,,,Taksim,https://www.zomato.com/istanbul/barba-vasilis-balat-istanbul/info,
125,,,,,,Taksim,https://www.zomato.com/istanbul/mahkeme-lokantas%C4%B1-6-karak%C3%B6y-istanbul/info,
126,,,,,,Taksim,https://www.zomato.com/istanbul/duble-meze-bar-asmal%C4%B1mescit-istanbul/info,
127,,,,,,Taksim,https://www.zomato.com/istanbul/avlu-ocakba%C5%9F%C4%B1-cihangir-istanbul/info,
128,,,,,,Taksim,https://www.zomato.com/istanbul/ali-ocakba%C5%9F%C4%B1-g%C3%BCm%C3%BC%C5%9Fsuyu-istanbul/info,
129,,,,,,Taksim,https://www.zomato.com/istanbul/azure-the-bosphorus-kabata%C5%9F-istanbul/info,
130,,,,,,Taksim,https://www.zomato.com/istanbul/t%C3%BCnel-buselik-meyhane-si%C5%9Fhane-istanbul/info,
131,,,,,,Taksim,https://www.zomato.com/istanbul/meyhane-rumeli-asmal%C4%B1mescit-istanbul/info,
132,,,,,,Taksim,https://www.zomato.com/istanbul/m%C3%BCkellef-karak%C3%B6y-istanbul/info,
133,,,,,,Taksim,https://www.zomato.com/istanbul/karak%C3%B6y-lokantas%C4%B1-karak%C3%B6y-istanbul/info,
134,,,,,,Taksim,https://www.zomato.com/istanbul/st-regis-brasserie-the-st-regis-istanbul-ni%C5%9Fanta%C5%9F%C4%B1-istanbul/info,
135,,,,,,Taksim,https://www.zomato.com/istanbul/morini-levaz%C4%B1m-istanbul/info,
136,,,,,,Taksim,https://www.zomato.com/istanbul/matbah-ottoman-place-cuisine-sultanahmet-istanbul/info,
137,,,,,,Taksim,https://www.zomato.com/istanbul/kumkap%C4%B1-tiryaki-kumkap%C4%B1-istanbul/info,
138,,,,,,Taksim,https://www.zomato.com/istanbul/t%C3%BCrk%C3%A7e-meze-terrace-suites-otel-s%C3%BCtl%C3%BCce-istanbul/info,
139,,,,,,Taksim,https://www.zomato.com/istanbul/%C3%A7apari-restaurant-1966-kumkap%C4%B1-istanbul/info,
140,,,,,,Taksim,https://www.zomato.com/istanbul/falyanos-restaurant-1-sultanahmet-istanbul/info,
141,,,,,,Taksim,https://www.zomato.com/istanbul/ak%C4%B1n-bal%C4%B1k-karak%C3%B6y-istanbul/info,
142,,,,,,Taksim,https://www.zomato.com/istanbul/be%C5%9Fikta%C5%9Fta-bir-meyhane-2-be%C5%9Fikta%C5%9F-merkez-istanbul/info,
143,,,,,,Taksim,https://www.zomato.com/istanbul/neyle-meyle-taksim-istanbul/info,
144,,,,,,Taksim,https://www.zomato.com/istanbul/%C3%A7a%C4%9Flar-restaurant-taksim-istanbul/info,
145,,,,,,Taksim,https://www.zomato.com/istanbul/hayat-cihangir-cihangir-istanbul/info,
146,,,,,,Taksim,https://www.zomato.com/istanbul/sofyal%C4%B1-9-asmal%C4%B1mescit-istanbul/info,
147,,,,,,Taksim,https://www.zomato.com/istanbul/nuran-meyhane-ni%C5%9Fanta%C5%9F%C4%B1-istanbul/info,
148,,,,,,Taksim,https://www.zomato.com/istanbul/neyzen-fish-restaurant-kumkap%C4%B1-istanbul/info,
149,,,,,,Taksim,https://www.zomato.com/istanbul/galata-alt%C4%B1n-bal%C4%B1k-restaurant-1-emin%C3%B6n%C3%BC-merkez-istanbul/info,
150,,,,,,Taksim,https://www.zomato.com/istanbul/galapera-emin%C3%B6n%C3%BC-merkez-istanbul/info,
151,,,,,,Taksim,https://www.zomato.com/istanbul/i%CC%87stanbul-bal%C4%B1k-restaurant-emin%C3%B6n%C3%BC-merkez-istanbul/info,
152,,,,,,Taksim,https://www.zomato.com/istanbul/galata-orfoz-bal%C4%B1k-emin%C3%B6n%C3%BC-merkez-istanbul/info,
153,,,,,,Taksim,https://www.zomato.com/istanbul/pera-thai-si%C5%9Fhane-istanbul/info,
154,,,,,,Taksim,https://www.zomato.com/istanbul/que-tal-tapas-sangria-gastro-pub-si%C5%9Fhane-istanbul/info,
155,,,,,,Taksim,https://www.zomato.com/istanbul/victoria-ocakba%C5%9F%C4%B1-meyhane-1-asmal%C4%B1mescit-istanbul/info,
156,,,,,,Taksim,https://www.zomato.com/istanbul/boncuklu-restaurant-asmal%C4%B1mescit-istanbul/info,
157,,,,,,Taksim,https://www.zomato.com/istanbul/antebi-restoran-opera-hotel-g%C3%BCm%C3%BC%C5%9Fsuyu-istanbul/info,
158,,,,,,Taksim,https://www.zomato.com/istanbul/asmal%C4%B1-cavit-restaurant-asmal%C4%B1mescit-istanbul/info,
159,,,,,,Taksim,https://www.zomato.com/istanbul/hamdi-restaurant-radisson-blu-hotel-istanbul-pera-asmal%C4%B1mescit-istanbul/info,
160,,,,,,Taksim,https://www.zomato.com/istanbul/divan-lokanta-divan-i%CC%87stanbul-g%C3%BCm%C3%BC%C5%9Fsuyu-istanbul/info,
161,,,,,,Taksim,https://www.zomato.com/istanbul/man%C3%A2-karak%C3%B6y-istanbul/info,
162,,,,,,Taksim,https://www.zomato.com/istanbul/ni%C5%9Fanta%C5%9F%C4%B1-ba%C5%9Fk%C3%B6%C5%9Fe-ni%C5%9Fanta%C5%9F%C4%B1-istanbul/info,
163,,,,,,Taksim,https://www.zomato.com/istanbul/ni%C5%9Fanta%C5%9F-meyhanesi-ni%C5%9Fanta%C5%9F%C4%B1-istanbul/info,
164,,,,,,Taksim,https://www.zomato.com/istanbul/istanbul-meze-bar-ortak%C3%B6y-merkez-istanbul/info,
165,,,,,,Taksim,https://www.zomato.com/istanbul/glens-istanbul-nish-palas-istanbul-ni%C5%9Fanta%C5%9F%C4%B1-istanbul/info,
166,,,,,,Taksim,https://www.zomato.com/istanbul/the-grand-lobby-hilton-stanbul-bomonti-hotel-conference-center-bomonti/info,
167,,,,,,Taksim,https://www.zomato.com/istanbul/lounge-park-hyatt-i%CC%87stanbul-ni%C5%9Fanta%C5%9F%C4%B1-istanbul/info,
168,,,,,,Taksim,https://www.zomato.com/istanbul/nars-brasserie-1-sultanahmet-istanbul/info,
169,,,,,,Taksim,https://www.zomato.com/istanbul/hatay-medeniyetler-sofras%C4%B1-taksim-istanbul/info,
170,,,,,,Taksim,https://www.zomato.com/istanbul/krependeki-i%CC%87mroz-taksim-istanbul/info,
171,,,,,,Taksim,https://www.zomato.com/istanbul/%C5%9Fehir-meyhanesi-taksim-istanbul/info,
172,,,,,,Taksim,https://www.zomato.com/istanbul/i%CC%87kinci-bahar-taksim-istanbul/info,
173,,,,,,Taksim,https://www.zomato.com/istanbul/tuti-restaurant-the-marmara-taksim-taksim-istanbul/info,
174,,,,,,Taksim,https://www.zomato.com/istanbul/litera-avluu-taksim-istanbul/info,
175,,,,,,Taksim,https://www.zomato.com/istanbul/%C3%A7ok-%C3%A7ok-thai-asmal%C4%B1mescit-istanbul/info,
176,,,,,,Taksim,https://www.zomato.com/istanbul/yakup-2-restoran-asmal%C4%B1mescit-istanbul/info,
177,,,,,,Taksim,https://www.zomato.com/istanbul/anton-peran-galata-istanbul/info,
178,,,,,,Taksim,https://www.zomato.com/istanbul/asmal%C4%B1-saki-meyhanesi-asmal%C4%B1mescit-istanbul/info,
179,,,,,,Taksim,https://www.zomato.com/istanbul/mavi-melek-asmal%C4%B1mescit-istanbul/info,
180,,,,,,Taksim,https://www.zomato.com/istanbul/demeti-meyhanesi-cihangir-istanbul/info,
181,,,,,,Taksim,https://www.zomato.com/istanbul/maromi-by-divan-divan-istanbul-otel-g%C3%BCm%C3%BC%C5%9Fsuyu-istanbul/info,
182,,,,,,Taksim,https://www.zomato.com/istanbul/abone-pera-the-gytha-hotel-asmal%C4%B1mescit-istanbul/info,
183,,,,,,Taksim,https://www.zomato.com/istanbul/nevi-lokma-sheraton-istanbul-city-center-hotel-dolapdere-istanbul/info,
184,,,,,,Taksim,https://www.zomato.com/istanbul/armada-teras-restaurant-armada-otel-sultanahmet-istanbul/info,
185,,,,,,Taksim,https://www.zomato.com/istanbul/summit-bar-and-terrace-conrad-i%CC%87stanbul-bosphorus-be%C5%9Fikta%C5%9F-merkez-istanbul/info,
186,,,,,,Taksim,https://www.zomato.com/istanbul/eataly-levaz%C4%B1m-istanbul/info,
187,,,,,,Taksim,https://www.zomato.com/istanbul/kap%C4%B1-karak%C3%B6y-karak%C3%B6y-istanbul/info,
188,,,,,,Taksim,https://www.zomato.com/istanbul/alancha-ma%C3%A7ka-istanbul/info,
189,,,,,,Taksim,https://www.zomato.com/istanbul-mittekarakoy/info,
190,,,,,,Taksim,https://www.zomato.com/istanbul/k%C3%BC%C3%A7%C3%BCk-kul%C3%BCp-1-ni%C5%9Fanta%C5%9F%C4%B1-istanbul/info,
191,,,,,,Taksim,https://www.zomato.com/istanbul/212-bar-restaurant-renaissance-istanbul-bosphorus-hotel-gayrettepe-merkez-istanbul/info,
192,,,,,,Taksim,https://www.zomato.com/istanbul/long-bar-raffles-i%CC%87stanbul-levaz%C4%B1m-istanbul/info,
193,,,,,,Taksim,https://www.zomato.com/istanbul/madame-feronia-meyhanesi-ni%C5%9Fanta%C5%9F%C4%B1-istanbul/info,
194,,,,,,Taksim,https://www.zomato.com/istanbul/duble-meze-bar-karak%C3%B6y-istanbul/info,
195,,,,,,Taksim,https://www.zomato.com/istanbul/dusiko-meyhane-1-akaretler-istanbul/info,
196,,,,,,Taksim,https://www.zomato.com/istanbul/cabbar-ni%C5%9Fanta%C5%9F%C4%B1-istanbul/info,
197,,,,,,Taksim,https://www.zomato.com/istanbul/secret-garden-w-hotel-istanbul-akaretler-istanbul/info,
198,,,,,,Taksim,https://www.zomato.com/istanbul/tek-duble-bomonti-bomonti-istanbul/info,
199,,,,,,Taksim,https://www.zomato.com/istanbul/dada-salon-kabarett-mecidiyek%C3%B6y-merkez-istanbul/info,
200,,,,,,Taksim,https://www.zomato.com/istanbul/monte-restaurant-piyalepa%C5%9Fa-istanbul/info,
201,,,,,,Taksim,https://www.zomato.com/istanbul/deraliye-ottoman-cuisine-restaurant-sura-hotel-sultanahmet-istanbul/info,
202,,,,,,Taksim,https://www.zomato.com/istanbul/hayat-memat-meyhanesi-1-be%C5%9Fikta%C5%9F-merkez-istanbul/info,
203,,,,,,Taksim,https://www.zomato.com/istanbul/develi-ni%C5%9Fanta%C5%9F%C4%B1-istanbul/info,
204,,,,,,Taksim,https://www.zomato.com/istanbul/t%C3%BCts%C3%BC-by-d%C3%BCvee-fulya-istanbul/info,
205,,,,,,Taksim,https://www.zomato.com/istanbul/borsa-l%C3%BCtfi-k%C4%B1rdar-harbiye-istanbul/info,
206,,,,,,Taksim,https://www.zomato.com/istanbul/g%C3%BCler-ocakba%C5%9F%C4%B1-restaurant-esentepe-istanbul/info,
207,,,,,,Taksim,https://www.zomato.com/istanbul/sezen-meyhanesi-be%C5%9Fikta%C5%9F-merkez-istanbul/info,
208,,,,,,Taksim,https://www.zomato.com/istanbul/her-alem-ocakba%C5%9F%C4%B1-esentepe-istanbul/info,
209,,,,,,Taksim,https://www.zomato.com/istanbul/aya-terrace-four-seasons-sultanahmet-sultanahmet-istanbul/info,
210,,,,,,Taksim,https://www.zomato.com/istanbul/k%C3%B6%C5%9Feba%C5%9F%C4%B1-karak%C3%B6y-istanbul/info,
211,,,,,,Taksim,https://www.zomato.com/istanbul/arts-restaurant-renaissance-i%CC%87stanbul-bosphorus-hotel-gayrettepe-merkez-istanbul/info,
212,,,,,,Taksim,https://www.zomato.com/istanbul/et-cetera-radisson-blu-bosphorus-ortak%C3%B6y-merkez-istanbul/info,
213,,,,,,Taksim,https://www.zomato.com/istanbul/jin-terrace-bar-lazzoni-hotel-s%C3%BCtl%C3%BCce-istanbul/info,
214,,,,,,Taksim,https://www.zomato.com/istanbul/siyah-beyaz-meyhane-be%C5%9Fikta%C5%9F-merkez-istanbul/info,
215,,,,,,Taksim,https://www.zomato.com/istanbul/afrodit-restaurant-1-kumkap%C4%B1-istanbul/info,
216,,,,,,Taksim,https://www.zomato.com/istanbul/balat-agora-meyhanesi-balat-istanbul/info,
217,,,,,,Taksim,https://www.zomato.com/istanbul/marble-bar-fairmont-quasar-istanbul-mecidiyek%C3%B6y-merkez-istanbul/info,
218,,,,,,Taksim,https://www.zomato.com/palavrameyhane/info,
219,,,,,,Taksim,https://www.zomato.com/istanbul/zervan-restaurant-ocakba%C5%9F%C4%B1-1-%C5%9Ei%C5%9Fli-merkez-istanbul/info,
220,,,,,,Taksim,https://www.zomato.com/istanbul/peymane-ocakba%C5%9F%C4%B1-be%C5%9Fikta%C5%9F-merkez-istanbul/info,
221,,,,,,Taksim,https://www.zomato.com/istanbul/atrium-restaurant-doubletree-by-hilton-hotel-piyalepa%C5%9Fa-istanbul/info,
222,,,,,,Taksim,https://www.zomato.com/istanbul/sefa-ocakba%C5%9F%C4%B1-harbiye-istanbul/info,
223,,,,,,Taksim,https://www.zomato.com/istanbul/latife-han%C4%B1m-meyhanesi-taksim-istanbul/info,
224,,,,,,Taksim,https://www.zomato.com/istanbul/abbas-taksim-istanbul/info,
225,,,,,,Taksim,https://www.zomato.com/istanbul/keyif-restaurant-taksim-istanbul/info,
226,,,,,,Taksim,https://www.zomato.com/istanbul/babel-ocakba%C5%9F%C4%B1-nevizade-taksim-istanbul/info,
227,,,,,,Taksim,https://www.zomato.com/istanbul/palmiye-restaurant-taksim-istanbul/info,
228,,,,,,Taksim,https://www.zomato.com/istanbul/4ten-4e-ocakba%C5%9F%C4%B1-taksim-istanbul/info,
229,,,,,,Taksim,https://www.zomato.com/istanbul/salk%C4%B1m-meyhanesi-taksim-istanbul/info,
230,,,,,,Taksim,https://www.zomato.com/istanbul/feraye-asmal%C4%B1mescit-istanbul/info,
231,,,,,,Taksim,https://www.zomato.com/istanbul/balat-sahil-restaurant-balat-istanbul/info,
232,,,,,,Taksim,https://www.zomato.com/istanbul/i%CC%87smet-baba-restaurant-kuzguncuk-istanbul/info,
233,,,,,,Taksim,https://www.zomato.com/istanbul/kaddeh-fulya-istanbul/info,
234,,,,,,Taksim,https://www.zomato.com/istanbul/olive-anatolian-restaurant-sirkeci-istanbul/info,
235,,,,,,Taksim,https://www.zomato.com/istanbul/kasa-lokanta-bar-the-house-hotel-karak%C3%B6y-karak%C3%B6y-istanbul/info,
236,,,,,,Taksim,https://www.zomato.com/istanbul/cibali-bal%C4%B1k%C3%A7%C4%B1s%C4%B1-balat-istanbul/info,
237,,,,,,Taksim,https://www.zomato.com/istanbul/dio-ni%C5%9Fanta%C5%9F%C4%B1-istanbul/info,
238,,,,,,Taksim,https://www.zomato.com/istanbul/kristal-ocakba%C5%9F%C4%B1-1-kurtulu%C5%9F-istanbul/info,
239,,,,,,Taksim,https://www.zomato.com/istanbul/be%C5%9Fikta%C5%9F-meyhanesi-1-be%C5%9Fikta%C5%9F-merkez-istanbul/info,
240,,,,,,Taksim,https://www.zomato.com/istanbul/krependeki-kadirin-yeri-taksim-istanbul/info,
241,,,,,,Taksim,https://www.zomato.com/istanbul/deg%C3%BCstasyon-restaurant-taksim-istanbul/info,
242,,,,,,Taksim,https://www.zomato.com/istanbul/firuzende-restaurant-anemon-hotels-galata-istanbul/info,
243,,,,,,Taksim,https://www.zomato.com/istanbul/jash-i%CC%87stanbul-cihangir-istanbul/info,
244,,,,,,Taksim,https://www.zomato.com/istanbul/savoy-bal%C4%B1k-cihangir-istanbul/info,
245,,,,,,Taksim,https://www.zomato.com/istanbul/zeytinli-restaurant-asmal%C4%B1mescit-istanbul/info,
246,,,,,,Taksim,https://www.zomato.com/cemiyet-meyhane/info,
247,,,,,,Taksim,https://www.zomato.com/istanbul/aheste-pera-asmal%C4%B1mescit-istanbul/info,
248,,,,,,Taksim,https://www.zomato.com/istanbul/salomanje-ni%C5%9Fanta%C5%9F%C4%B1-istanbul/info,
249,,,,,,Taksim,https://www.zomato.com/istanbul/bal%C4%B1k%C3%A7%C4%B1-sabahattin-sultanahmet-istanbul/info,
250,,,,,,Taksim,https://www.zomato.com/istanbul/ni%C5%9Fanta%C5%9F%C4%B1-bal%C4%B1k%C3%A7%C4%B1s%C4%B1-1-ni%C5%9Fanta%C5%9F%C4%B1-istanbul/info,
251,,,,,,Taksim,https://www.zomato.com/istanbul/ar-balk-restaurant-be%C5%9Fikta%C5%9F-merkez-istanbul/info,
252,,,,,,Taksim,https://www.zomato.com/istanbul/fikret-y%C4%B1lmaz-adana-ocakba%C5%9F%C4%B1-g%C3%BClba%C4%9F-istanbul/info,
253,,,,,,Taksim,https://www.zomato.com/istanbul/astek-meyhane-kurtulu%C5%9F-istanbul/info,
254,,,,,,Taksim,https://www.zomato.com/istanbul/lavinia-raffles-i%CC%87stanbul-levaz%C4%B1m-istanbul/info,
255,,,,,,Taksim,https://www.zomato.com/istanbul/babal%C4%B1k-restaurant-be%C5%9Fikta%C5%9F-merkez-istanbul/info,
256,,,,,,Taksim,https://www.zomato.com/istanbul/karak%C3%B6y-afrodit-paradise-restaurant-karak%C3%B6y-istanbul/info,
257,,,,,,Taksim,https://www.zomato.com/istanbul/360%C2%B0-cihann%C3%BCma-panaroma-restaurant-sultanahmet-istanbul/info,
258,,,,,,Taksim,https://www.zomato.com/istanbul/ni%C5%9Fanta%C5%9F%C4%B1-ocakba%C5%9F%C4%B1-ni%C5%9Fanta%C5%9F%C4%B1-istanbul/info,
259,,,,,,Taksim,https://www.zomato.com/istanbul/%C3%A7ukur-meyhane-taksim-istanbul/info,
260,,,,,,Taksim,https://www.zomato.com/istanbul/aretin-yeri-1-taksim-istanbul/info,
261,,,,,,Taksim,https://www.zomato.com/istanbul/nevizade-restaurant-taksim-istanbul/info,
262,,,,,,Taksim,https://www.zomato.com/istanbul/kenan-usta-ocakba%C5%9F%C4%B1-taksim-istanbul/info,
263,,,,,,Taksim,https://www.zomato.com/istanbul/alem-restaurant-taksim-istanbul/info,
264,,,,,,Taksim,https://www.zomato.com/istanbul/aspera-restaurant-taksim-istanbul/info,
265,,,,,,Taksim,https://www.zomato.com/istanbul/kalamar-restaurant-taksim-istanbul/info,
266,,,,,,Taksim,https://www.zomato.com/istanbul/mahzen-restaurant-1-taksim-istanbul/info,
267,,,,,,Taksim,https://www.zomato.com/istanbul/stop-restoran-taksim-istanbul/info,
268,,,,,,Taksim,https://www.zomato.com/istanbul/%C3%A7%C4%B1nar-restaurant-taksim-istanbul/info,
269,,,,,,Taksim,https://www.zomato.com/istanbul/barba-rasimo-1956-taksim-istanbul/info,
270,,,,,,Taksim,https://www.zomato.com/istanbul/5-kat-restaurant-cihangir-istanbul/info,
271,,,,,,Taksim,https://www.zomato.com/istanbul/yirmibir-kebap-asmal%C4%B1mescit-istanbul/info,
272,,,,,,Taksim,https://www.zomato.com/istanbul/cezayir-restaurant-cihangir-istanbul/info,
273,,,,,,Taksim,https://www.zomato.com/istanbul/kevok-ocakba%C5%9F%C4%B1-asmal%C4%B1mescit-istanbul/info,
274,,,,,,Taksim,https://www.zomato.com/istanbul/p%C3%BCrtela%C5%9F-ocakba%C5%9F%C4%B1-cihangir-istanbul/info,
275,,,,,,Taksim,https://www.zomato.com/istanbul/antiochia-asmal%C4%B1mescit-istanbul/info,
276,,,,,,Taksim,https://www.zomato.com/istanbul/moise-karak%C3%B6y-galata-istanbul/info,
277,,,,,,Taksim,https://www.zomato.com/istanbul/akbabal%C4%B1-asmal%C4%B1mescit-istanbul/info,
278,,,,,,Taksim,https://www.zomato.com/istanbul/peninsula-teras-restaurant-golden-city-hotel-karak%C3%B6y-istanbul/info,
279,,,,,,Taksim,https://www.zomato.com/istanbul/nadide-meyhane-esentepe-istanbul/info,
280,,,,,,Taksim,https://www.zomato.com/istanbul/dem-meyhane-karak%C3%B6y-istanbul/info,
281,,,,,,Taksim,https://www.zomato.com/istanbul/fine-dine-istanbul-hotel-arcadia-blue-sultanahmet-istanbul/info,
282,,,,,,Taksim,https://www.zomato.com/istanbul/delicatessen-ni%C5%9Fanta%C5%9F%C4%B1-istanbul/info,
283,,,,,,Taksim,https://www.zomato.com/istanbul/harbi-adana-ocakba%C5%9F%C4%B1-ortak%C3%B6y-merkez-istanbul/info,
284,,,,,,Taksim,https://www.zomato.com/istanbul/kuytu-bal%C4%B1k-karak%C3%B6y-istanbul/info,
285,,,,,,Taksim,https://www.zomato.com/istanbul/balk-kemalin-yeri-karak%C3%B6y-istanbul/info,
286,,,,,,Taksim,https://www.zomato.com/istanbul/tershane-karak%C3%B6y-istanbul/info,
287,,,,,,Taksim,https://www.zomato.com/istanbul/halat-by-divan-rahmi-ko%C3%A7-m%C3%BCzesi-hask%C3%B6y-okmeydan%C4%B1-istanbul/info,
288,,,,,,Taksim,https://www.zomato.com/istanbul/%C3%A7at-%C3%A7at-ocakba%C5%9F%C4%B1-ni%C5%9Fanta%C5%9F%C4%B1-istanbul/info,
289,,,,,,Taksim,https://www.zomato.com/istanbul/be%C5%9Fikta%C5%9F-ahtapot-restaurant-be%C5%9Fikta%C5%9F-merkez-istanbul/info,
290,,,,,,Taksim,https://www.zomato.com/istanbul/boel-ni%C5%9Fanta%C5%9F%C4%B1-istanbul/info,
291,,,,,,Taksim,https://www.zomato.com/istanbul/g%C3%BCnayd%C4%B1n-kebap-restaurant-ma%C3%A7ka-istanbul/info,
292,,,,,,Taksim,https://www.zomato.com/istanbul/the-dish-room-restaurant-terrace-bar-i%CC%87stanbul-marriott-hotel-%C5%9Fi%C5%9Fli-%C5%9Ei%C5%9Fli-merkez-istanbul/info,
293,,,,,,Taksim,https://www.zomato.com/istanbul/odessa-restaurant-karak%C3%B6y-istanbul/info,
294,,,,,,Taksim,https://www.zomato.com/istanbul/olimpiyat-2-minas-kumkap%C4%B1-istanbul/info,
295,,,,,,Taksim,https://www.zomato.com/istanbul/the-wine-bar-park-hyatt-i%CC%87stanbul-ni%C5%9Fanta%C5%9F%C4%B1-istanbul/info,
296,,,,,,Taksim,https://www.zomato.com/istanbul/bab-%C4%B1-hayat-jino-lei-emin%C3%B6n%C3%BC-merkez-istanbul/info,
297,,,,,,Taksim,https://www.zomato.com/istanbul/istanbul-enjoyer-cafe-restaurant-sultanahmet-istanbul/info,
298,,,,,,Taksim,https://www.zomato.com/istanbul/kumkap%C4%B1-evren-restaurant-kumkap%C4%B1-istanbul/info,
299,,,,,,Taksim,https://www.zomato.com/istanbul/kumkap%C4%B1-albatros-kumkap%C4%B1-istanbul/info,
300,,,,,,Taksim,https://www.zomato.com/istanbul/z%C3%BCbeyir-ocakba%C5%9F%C4%B1-restaurant-1-taksim-istanbul/info,
301,,,,,,Taksim,https://www.zomato.com/istanbul/beyo%C4%9Flu-ocakba%C5%9F%C4%B1-taksim-istanbul/info,
302,,,,,,Taksim,https://www.zomato.com/istanbul/eski-babel-ocakba%C5%9F%C4%B1-restaurant-taksim-istanbul/info,
303,,,,,,Taksim,https://www.zomato.com/istanbul/f%C4%B1cc%C4%B1n-1-asmal%C4%B1mescit-istanbul/info,
304,,,,,,Taksim,https://www.zomato.com/istanbul/f%C4%B1cc%C4%B1n-kallavi-asmal%C4%B1mescit-istanbul/info,
305,,,,,,Taksim,https://www.zomato.com/istanbul/limoncello-akaretler-istanbul/info,
306,,,,,,Taksim,https://www.zomato.com/istanbul/sefarad-meyhanesi-ortak%C3%B6y-merkez-istanbul/info,
307,,,,,,Taksim,https://www.zomato.com/istanbul/tatavla-meyhane-kurtulu%C5%9F-istanbul/info,
308,,,,,,Taksim,https://www.zomato.com/istanbul/kuledebar-k%C4%B1z-kulesi-salacak-istanbul/info,
309,,,,,,Taksim,https://www.zomato.com/istanbul/run-akaretler-istanbul/info,
310,,,,,,Taksim,https://www.zomato.com/istanbul/hazal-t%C3%BCrk%C3%BC-evi-ca%C4%9Flayan-istanbul/info,
311,,,,,,Taksim,https://www.zomato.com/istanbul/rakofoli-karak%C3%B6y-istanbul/info,
312,,,,,,Taksim,https://www.zomato.com/istanbul/zamanta%C5%9F%C4%B1-meyhane-ni%C5%9Fanta%C5%9F%C4%B1-istanbul/info,
313,,,,,,Taksim,https://www.zomato.com/istanbul/nept%C3%BCn-restaurant-emin%C3%B6n%C3%BC-merkez-istanbul/info,
314,,,,,,Taksim,https://www.zomato.com/istanbul/ortak%C3%B6y-ocakba%C5%9F%C4%B1-restaurant-ortak%C3%B6y-merkez-istanbul/info,
315,,,,,,Taksim,https://www.zomato.com/istanbul/tarihi-cumhuriyet-meyhanesi-taksim-istanbul/info,
316,,,,,,Taksim,https://www.zomato.com/istanbul/umut-ocakba%C5%9F%C4%B1-taksim-istanbul/info,
317,,,,,,Taksim,https://www.zomato.com/sevicrestoran/info,
318,,,,,,Taksim,https://www.zomato.com/istanbul/kime-ne-restoran-taksim-istanbul/info,
319,,,,,,Taksim,https://www.zomato.com/istanbul/pera-bal%C4%B1k-taksim-istanbul/info,
320,,,,,,Taksim,https://www.zomato.com/istanbul/elit-ocakba%C5%9F%C4%B1-taksim-istanbul/info,
321,,,,,,Taksim,https://www.zomato.com/istanbul/huzur-restaurant-taksim-istanbul/info,
322,,,,,,Taksim,https://www.zomato.com/istanbul/dubliner-irish-pub-restaurant-taksim-istanbul/info,
323,,,,,,Taksim,https://www.zomato.com/istanbul/la-nouba-restaurant-cvk-taksim-hotels-taksim-istanbul/info,
324,,,,,,Taksim,https://www.zomato.com/istanbul/tuti-bar-the-marmara-taksim-taksim-istanbul/info,
325,,,,,,Taksim,https://www.zomato.com/istanbul/meclis-meyhanesi-taksim-istanbul/info,
326,,,,,,Taksim,https://www.zomato.com/istanbul/toprak-t%C3%BCrk%C3%BC-evi-taksim-istanbul/info,
327,,,,,,Taksim,https://www.zomato.com/istanbul/pepos-galata-galata-istanbul/info,
328,,,,,,Taksim,https://www.zomato.com/istanbul/rose-marine-cihangir-istanbul/info,
329,,,,,,Taksim,https://www.zomato.com/istanbul/cihangir-bal%C4%B1k%C3%A7%C4%B1s%C4%B1-cihangir-istanbul/info,
330,,,,,,Taksim,https://www.zomato.com/istanbul/pera-public-rixos-pera-istanbul-asmal%C4%B1mescit-istanbul/info,
331,,,,,,Taksim,https://www.zomato.com/istanbul/sensus-wine-anemon-hotels-galata-istanbul/info,
332,,,,,,Taksim,https://www.zomato.com/istanbul/hazzo-pulo-asmal%C4%B1mescit-istanbul/info,
333,,,,,,Taksim,https://www.zomato.com/istanbul/birdy-pera-asmal%C4%B1mescit-istanbul/info,
334,,,,,,Taksim,https://www.zomato.com/istanbul/agatha-restaurant-pera-palace-hotel-asmal%C4%B1mescit-istanbul/info,
335,,,,,,Taksim,https://www.zomato.com/istanbul/salon-cuma-cihangir-istanbul/info,
336,,,,,,Taksim,https://www.zomato.com/istanbul/orient-bar-pera-palace-hotel-asmal%C4%B1mescit-istanbul/info,
337,,,,,,Taksim,https://www.zomato.com/istanbul/kadim-meyhane-asmal%C4%B1mescit-istanbul/info,
338,,,,,,Taksim,https://www.zomato.com/istanbul/vigneron-galata-istanbul/info,
339,,,,,,Taksim,https://www.zomato.com/istanbul/the-populist-bomonti-istanbul/info,
340,,,,,,Taksim,https://www.zomato.com/istanbul/ranchero-ni%C5%9Fanta%C5%9F%C4%B1-istanbul/info,
341,,,,,,Taksim,https://www.zomato.com/istanbul/bridge-restaurant-cafe-nakka%C5%9Ftepe-istanbul/info,
342,,,,,,Taksim,https://www.zomato.com/istanbul/lokanta-feriye-ortak%C3%B6y-merkez-istanbul/info,
343,,,,,,Taksim,https://www.zomato.com/istanbul/sushi-lab-6-be%C5%9Fikta%C5%9F-merkez-istanbul/info,
344,,,,,,Taksim,https://www.zomato.com/istanbul/pepe-rosso-akaretler-istanbul/info,
345,,,,,,Taksim,https://www.zomato.com/istanbul/paps-italian-karak%C3%B6y-istanbul/info,
346,,,,,,Taksim,https://www.zomato.com/istanbul/milano-gourmet-1-ni%C5%9Fanta%C5%9F%C4%B1-istanbul/info,
347,,,,,,Taksim,https://www.zomato.com/istanbul/trattoria-serenzo-gayrettepe-merkez-istanbul/info,
348,,,,,,Taksim,https://www.zomato.com/istanbul/lokanta-1741-ca%C4%9Falo%C4%9Flu-istanbul/info,
349,,,,,,Taksim,https://www.zomato.com/istanbul/mahal-meze-meyhane-be%C5%9Fikta%C5%9F-merkez-istanbul/info,
350,,,,,,Taksim,https://www.zomato.com/istanbul/beymen-brasserie-ni%C5%9Fanta%C5%9F%C4%B1-istanbul/info,
351,,,,,,Taksim,https://www.zomato.com/istanbul/noir-istanbul-kuru%C3%A7e%C5%9Fme-istanbul/info,
352,,,,,,Taksim,https://www.zomato.com/istanbul/bi-tek-karak%C3%B6y-karak%C3%B6y-istanbul/info,
353,,,,,,Taksim,https://www.zomato.com/istanbul/yar%C4%B1mada-bal%C4%B1k-karak%C3%B6y-istanbul/info,
354,,,,,,Taksim,https://www.zomato.com/istanbul/my-scala-ortak%C3%B6y-merkez-istanbul/info,
355,,,,,,Taksim,https://www.zomato.com/istanbul/skalion-teras-caf%C3%A9-restoran-skalion-hotel-kumkap%C4%B1-istanbul/info,
356,,,,,,Taksim,https://www.zomato.com/istanbul/kupa-ocakba%C5%9F%C4%B1-kurtulu%C5%9F-istanbul/info,
357,,,,,,Taksim,https://www.zomato.com/istanbul/blond-ortak%C3%B6y-merkez-istanbul/info,
358,,,,,,Taksim,https://www.zomato.com/istanbul/walk-kuru%C3%A7e%C5%9Fme-kuru%C3%A7e%C5%9Fme-istanbul/info,
359,,,,,,Taksim,https://www.zomato.com/istanbul/kupa-beer-house-kurtulu%C5%9F-istanbul/info,
360,,,,,,Taksim,https://www.zomato.com/istanbul/turgut-vidinli-be%C5%9Fikta%C5%9F-merkez-istanbul/info,
361,,,,,,Taksim,https://www.zomato.com/istanbul/monochrome-brasserie-bomonti-istanbul/info,
362,,,,,,Taksim,https://www.zomato.com/istanbul/beyond-akaretler-akaretler-istanbul/info,
363,,,,,,Taksim,https://www.zomato.com/istanbul/tarihi-karak%C3%B6y-bal%C4%B1k-lokantas%C4%B1-1-karak%C3%B6y-istanbul/info,
364,,,,,,Taksim,https://www.zomato.com/istanbul/lacolina-nakka%C5%9Ftepe-istanbul/info,
365,,,,,,Taksim,https://www.zomato.com/istanbul/topa%C4%9Fac%C4%B1-lokantas%C4%B1-meyhane-ni%C5%9Fanta%C5%9F%C4%B1-istanbul/info,
366,,,,,,Taksim,https://www.zomato.com/istanbul/be%C5%9Fikta%C5%9F-barbaros-bal%C4%B1k-be%C5%9Fikta%C5%9F-merkez-istanbul/info,
367,,,,,,Taksim,https://www.zomato.com/istanbul/masquerade-club-gayrettepe-merkez-istanbul/info,
368,,,,,,Taksim,https://www.zomato.com/istanbul/veranda-bar-terrace-hilton-istanbul-bosphorus-harbiye-istanbul/info,
369,,,,,,Taksim,https://www.zomato.com/istanbul/konyal%C4%B1-restaurant-1-sultanahmet-istanbul/info,
370,,,,,,Taksim,https://www.zomato.com/istanbul/tian-xiang-fu-small-hot-pot-%C5%9Ei%C5%9Fli-merkez-istanbul/info,
371,,,,,,Taksim,https://www.zomato.com/istanbul/ho%C5%9F-seda-kumkap%C4%B1-istanbul/info,
372,,,,,,Taksim,https://www.zomato.com/istanbul/cruise-lounge-bar-radisson-blu-bosphorus-ortak%C3%B6y-merkez-istanbul/info,
373,,,,,,Taksim,https://www.zomato.com/istanbul/galata-olympos-emin%C3%B6n%C3%BC-merkez-istanbul/info,
374,,,,,,Taksim,https://www.zomato.com/istanbul/vakkorama-cafe-2-levaz%C4%B1m-istanbul/info,
375,,,,,,Taksim,https://www.zomato.com/istanbul/ezberbozan-meyhane-gayrettepe-merkez-istanbul/info,
376,,,,,,Taksim,https://www.zomato.com/istanbul/naralt-ortak%C3%B6y-merkez/info,
377,,,,,,Taksim,https://www.zomato.com/istanbul/hanedan-bal%C4%B1k-restaurant-be%C5%9Fikta%C5%9F-merkez-istanbul/info,
378,,,,,,Taksim,https://www.zomato.com/istanbul/ali%C3%A7o-meyhane-be%C5%9Fikta%C5%9F-merkez-istanbul/info,
379,,,,,,Taksim,https://www.zomato.com/istanbul/stations-mecidiyek%C3%B6y-merkez-istanbul/info,
380,,,,,,Taksim,https://www.zomato.com/istanbul/ruga-s%C3%BCrmeli-hotels-resorts-1-gayrettepe-merkez-istanbul/info,
381,,,,,,Taksim,https://www.zomato.com/istanbul/beyond-kitchen-by-sushi-lab-akaretler-istanbul/info,
382,,,,,,Taksim,https://www.zomato.com/istanbul/saray-restaurant-emin%C3%B6n%C3%BC-merkez-istanbul/info,
383,,,,,,Taksim,https://www.zomato.com/istanbul/olimpiyat-restaurant-karak%C3%B6y-istanbul/info,
384,,,,,,Taksim,https://www.zomato.com/istanbul/lobby-lounge-hilton-istanbul-bosphorus-harbiye-istanbul/info,
385,,,,,,Taksim,https://www.zomato.com/istanbul/lounge-bar-the-stay-ni%C5%9Fanta%C5%9F%C4%B1-ni%C5%9Fanta%C5%9F%C4%B1-istanbul/info,
386,,,,,,Taksim,https://www.zomato.com/istanbul/sultans-restaurant-sultanahmet-istanbul/info,
387,,,,,,Taksim,https://www.zomato.com/istanbul/turk-art-terrace-restaurant-sultanahmet-istanbul/info,
388,,,,,,Taksim,https://www.zomato.com/istanbul/galata-nergis-bal%C4%B1k-emin%C3%B6n%C3%BC-merkez-istanbul/info,
389,,,,,,Taksim,https://www.zomato.com/istanbul/galata-secret-point-karak%C3%B6y-istanbul/info,
390,,,,,,Taksim,https://www.zomato.com/istanbul/kalamar-restaurant-1-kumkap%C4%B1-istanbul/info,
391,,,,,,Taksim,https://www.zomato.com/istanbul/marbella-cafe-restaurant-1-sultanahmet-istanbul/info,
392,,,,,,Taksim,https://www.zomato.com/istanbul/mona-cocktail-bar-ni%C5%9Fanta%C5%9F%C4%B1-istanbul/info,
393,,,,,,Taksim,https://www.zomato.com/istanbul/foxy-ni%C5%9Fanta%C5%9F%C4%B1-1-ni%C5%9Fanta%C5%9F%C4%B1-istanbul/info,
394,,,,,,Taksim,https://www.zomato.com/istanbul/meyhane-i-ara-kurtulu%C5%9F-istanbul/info,
395,,,,,,Taksim,https://www.zomato.com/istanbul/bionda-ni%C5%9Fanta%C5%9F%C4%B1-istanbul/info,
396,,,,,,Taksim,https://www.zomato.com/istanbul/galata-sembol-bal%C4%B1k-restaurant-emin%C3%B6n%C3%BC-merkez-istanbul/info,
397,,,,,,Taksim,https://www.zomato.com/istanbul/deniz-k%C4%B1z%C4%B1-bal%C4%B1k-restaurant-kumkap%C4%B1-istanbul/info,
398,,,,,,Taksim,https://www.zomato.com/istanbul/e%C5%9Fik-karak%C3%B6y-karak%C3%B6y-istanbul/info,
399,,,,,,Taksim,https://www.zomato.com/istanbul/venezia-restaurant-hotel-vicenza-laleli-istanbul/info,
400,,,,,,Taksim,https://www.zomato.com/istanbul/patara-restaurant-kumkap%C4%B1-istanbul/info,
401,,,,,,Taksim,https://www.zomato.com/istanbul/pancaldi-restaurant-ramada-plaza-by-wyndham-istanbul-city-center-osmanbey-istanbul/info,
402,,,,,,Taksim,https://www.zomato.com/istanbul/lokum-restaurant-sultanahmet-istanbul/info,
403,,,,,,Taksim,https://www.zomato.com/istanbul/%C5%9Fad%C4%B1rvan-restaurant-%C3%BCsk%C3%BCdar-merkez-istanbul/info,
404,,,,,,Taksim,https://www.zomato.com/istanbul/g%C3%B6lcek-restaurant-1-kumkap%C4%B1-istanbul/info,
405,,,,,,Taksim,https://www.zomato.com/istanbul/dosso-dossi-dosso-dossi-hotel-fatih-merkez-istanbul/info,
406,,,,,,Taksim,https://www.zomato.com/istanbul/beyaz-i%CC%87nci-restaurant-emin%C3%B6n%C3%BC-merkez-istanbul/info,
407,,,,,,Taksim,https://www.zomato.com/istanbul/kumkap%C4%B1-h%C3%BCnkar-kumkap%C4%B1-istanbul/info,
408,,,,,,Taksim,https://www.zomato.com/istanbul/cafe-marmara-best-western-citadel-hotel-sultanahmet-istanbul/info,
409,,,,,,Taksim,https://www.zomato.com/istanbul/delight-restaurant-arena-hotel-1-sultanahmet-istanbul/info,
410,,,,,,Taksim,https://www.zomato.com/istanbul/can-ocakba%C5%9F%C4%B1-aksaray-istanbul/info,
411,,,,,,Taksim,https://www.zomato.com/istanbul/37-sultan-restaurant-aksaray-istanbul/info,
412,,,,,,Taksim,https://www.zomato.com/istanbul/hanedan%C4%B1-aras-sultanahmet-istanbul/info,
413,,,,,,Taksim,https://www.zomato.com/istanbul/seymen-ocakba%C5%9F%C4%B1-kurtulu%C5%9F-istanbul/info,
414,,,,,,Taksim,https://www.zomato.com/istanbul/1890-restaurant-kumkap%C4%B1-istanbul/info,
415,,,,,,Taksim,https://www.zomato.com/istanbul/new-hagia-sophia-steak-kebap-fish-house-sultanahmet-istanbul/info,
416,,,,,,Taksim,https://www.zomato.com/istanbul/lipsos-restaurant-taksim-istanbul/info,
417,,,,,,Taksim,https://www.zomato.com/istanbul/taksim-my-house-taksim-istanbul/info,
418,,,,,,Taksim,https://www.zomato.com/istanbul/sohbet-ocakba%C5%9F%C4%B1-taksim-istanbul/info,
419,,,,,,Taksim,https://www.zomato.com/istanbul/kr-agop-restaurant-kumkap%C4%B1-istanbul/info,
420,,,,,,Taksim,https://www.zomato.com/istanbul/hasbinin-yeri-be%C5%9Fikta%C5%9F-merkez-istanbul/info,
421,,,,,,Taksim,https://www.zomato.com/kebabigayrettepe/info,
422,,,,,,Taksim,https://www.zomato.com/istanbul/olta-bal%C4%B1k-be%C5%9Fikta%C5%9F-merkez-istanbul/info,
423,,,,,,Taksim,https://www.zomato.com/istanbul/pangalt%C4%B1-meyhanesi-kurtulu%C5%9F-istanbul/info,
424,,,,,,Taksim,https://www.zomato.com/istanbul/amedros-cafe-restaurant-sultanahmet-istanbul/info,
425,,,,,,Taksim,https://www.zomato.com/istanbul/divan-brasserie-beyo%C4%9Flu-taksim-istanbul/info,
426,,,,,,Taksim,https://www.zomato.com/istanbul/los-altos-taksim-istanbul/info,
427,,,,,,Taksim,https://www.zomato.com/istanbul/terrace-41-corinne-art-boutique-hotel-taksim-istanbul/info,
428,,,,,,Taksim,https://www.zomato.com/istanbul/corinne-brasserie-corinne-art-boutique-hotel-taksim-istanbul/info,
429,,,,,,Taksim,https://www.zomato.com/istanbul/kirvem-ocakba%C5%9F%C4%B1-1-taksim-istanbul/info,
430,,,,,,Taksim,https://www.zomato.com/istanbul/pala-ocakba%C5%9F%C4%B1-taksim-istanbul/info,
431,,,,,,Taksim,https://www.zomato.com/istanbul/mer-bal%C4%B1k-restaurant-taksim-istanbul/info,
432,,,,,,Taksim,https://www.zomato.com/istanbul/medinem-restaurant-cafe-taksim-istanbul/info,
433,,,,,,Taksim,https://www.zomato.com/istanbul/nola-galata-istanbul/info,
434,,,,,,Taksim,https://www.zomato.com/istanbul/baylo-bistro-bar-asmal%C4%B1mescit-istanbul/info,
435,,,,,,Taksim,https://www.zomato.com/istanbul/welldone-by-midpoint-asmal%C4%B1mescit-istanbul/info,
436,,,,,,Taksim,https://www.zomato.com/istanbul/rika-brasserie-cihangir-istanbul/info,
437,,,,,,Taksim,https://www.zomato.com/istanbul/s%C3%BCreyya-teras-troya-hotel-asmal%C4%B1mescit-istanbul/info,
438,,,,,,Taksim,https://www.zomato.com/istanbul/selucia-cafe-bistro-troya-hotel-asmal%C4%B1mescit-istanbul/info,
439,,,,,,Taksim,https://www.zomato.com/istanbul/adana-ocakba%C5%9F%C4%B1-kurtulu%C5%9F-istanbul/info,
440,,,,,,Taksim,https://www.zomato.com/istanbul/naif-karak%C3%B6y-karak%C3%B6y-istanbul/info,
441,,,,,,Taksim,https://www.zomato.com/istanbul/antepli-emmi-kurtulu%C5%9F-istanbul/info,
442,,,,,,Taksim,https://www.zomato.com/istanbul/the-english-pub-the-president-hotel-beyaz%C4%B1t-istanbul/info,
443,,,,,,Taksim,https://www.zomato.com/istanbul/meat-meet-%C5%9Ei%C5%9Fli-merkez-istanbul/info,
444,,,,,,Taksim,https://www.zomato.com/istanbul/white-mill-akaretler-istanbul/info,
445,,,,,,Taksim,https://www.zomato.com/istanbul/hanedan-et-restaurant-be%C5%9Fikta%C5%9F-merkez-istanbul/info,
446,,,,,,Taksim,https://www.zomato.com/istanbul/sokak-restaurant-be%C5%9Fikta%C5%9F-merkez-istanbul/info,
447,,,,,,Taksim,https://www.zomato.com/istanbul/the-muse-2-ni%C5%9Fanta%C5%9F%C4%B1-istanbul/info,
448,,,,,,Taksim,https://www.zomato.com/istanbul/ni%C5%9Fanta%C5%9F%C4%B1-22-ni%C5%9Fanta%C5%9F%C4%B1-istanbul/info,
449,,,,,,Taksim,https://www.zomato.com/istanbul/aterina-bal%C4%B1k-restaurant-be%C5%9Fikta%C5%9F-merkez-istanbul/info,
450,,,,,,Taksim,https://www.zomato.com/istanbul/ottoman-restoran-legacy-ottoman-hotel-emin%C3%B6n%C3%BC-merkez-istanbul/info,
451,,,,,,Taksim,https://www.zomato.com/istanbul/the-terrace-restaurant-cafe-sultanahmet-istanbul/info,
452,,,,,,Taksim,https://www.zomato.com/istanbul/petit-o-bar-st-regis-i%CC%87stanbul-ni%C5%9Fanta%C5%9F%C4%B1-istanbul/info,
453,,,,,,Taksim,https://www.zomato.com/istanbul/kumkap%C4%B1-k%C4%B1rm%C4%B1z%C4%B1-karides-kumkap%C4%B1-istanbul/info,
454,,,,,,Taksim,https://www.zomato.com/istanbul/alt%C4%B1n-f%C4%B1%C3%A7%C4%B1-pub-mecidiyek%C3%B6y-merkez-istanbul/info,
455,,,,,,Taksim,https://www.zomato.com/istanbul/manidar-be%C5%9Fikta%C5%9F-merkez-istanbul/info,
456,,,,,,Taksim,https://www.zomato.com/istanbul/marmara-bal%C4%B1k-1-emin%C3%B6n%C3%BC-merkez-istanbul/info,
457,,,,,,Taksim,https://www.zomato.com/istanbul/green-fish-restaurant-kumkap%C4%B1-istanbul/info,
458,,,,,,Taksim,https://www.zomato.com/istanbul/kumkap%C4%B1-meydan-restaurant-kumkap%C4%B1-istanbul/info,
459,,,,,,Taksim,https://www.zomato.com/istanbul/akvaryum-restaurant-kumkap%C4%B1-istanbul/info,
460,,,,,,Taksim,https://www.zomato.com/istanbul/i%CC%87mperial-galata-restaurant-emin%C3%B6n%C3%BC-merkez-istanbul/info,
461,,,,,,Taksim,https://www.zomato.com/istanbul/ah%C4%B1rkap%C4%B1-restaurant-sultanahmet-istanbul/info,
462,,,,,,Taksim,https://www.zomato.com/istanbul/kumkap%C4%B1-yelken-restaurant-kumkap%C4%B1-istanbul/info,
463,,,,,,Taksim,https://www.zomato.com/istanbul/la-bella-cafe-taksim-istanbul/info,
464,,,,,,Taksim,https://www.zomato.com/istanbul/the-brasserie-elite-world-i%CC%87stanbul-hotel-taksim-istanbul/info,
465,,,,,,Taksim,https://www.zomato.com/istanbul/martha-pera-taksim-istanbul/info,
466,,,,,,Taksim,https://www.zomato.com/istanbul/cep-meyhane-taksim-istanbul/info,
467,,,,,,Taksim,https://www.zomato.com/istanbul/nan-%C5%9Fi%C5%9Fhane-si%C5%9Fhane-istanbul/info,
468,,,,,,Taksim,https://www.zomato.com/istanbul/hezarfen-bar-lounge-cvk-park-bosphorus-hotel-g%C3%BCm%C3%BC%C5%9Fsuyu-istanbul/info,
469,,,,,,Taksim,https://www.zomato.com/istanbul/park-patisserie-and-lounge-cvk-park-bosphorus-hotel-i%CC%87stanbul-g%C3%BCm%C3%BC%C5%9Fsuyu-istanbul/info,
470,,,,,,Taksim,https://www.zomato.com/istanbul/topaz-restaurant-g%C3%BCm%C3%BC%C5%9Fsuyu-istanbul/info,
471,,,,,,Taksim,https://www.zomato.com/istanbul/akl-%C4%B1-selim-gayrettepe-merkez-istanbul/info,
472,,,,,,Taksim,https://www.zomato.com/istanbul/seorabeol-korean-restaurant-esentepe-istanbul/info,
473,,,,,,Taksim,https://www.zomato.com/istanbul/mezbaa-karak%C3%B6y-istanbul/info,
474,,,,,,Taksim,https://www.zomato.com/istanbul/karma-sen-sultanahmet-istanbul/info,
475,,,,,,Taksim,https://www.zomato.com/istanbul/isola-bomonti-istanbul/info,
476,,,,,,Taksim,https://www.zomato.com/istanbul/piola-point-hotel-barbaros-gayrettepe-merkez-istanbul/info,
477,,,,,,Taksim,https://www.zomato.com/istanbul/berlin-line-karak%C3%B6y-karak%C3%B6y-istanbul/info,
478,,,,,,Taksim,https://www.zomato.com/istanbul/akcanlar-ocakba%C5%9F%C4%B1-harbiye-istanbul/info,
479,,,,,,Taksim,https://www.zomato.com/istanbul/galata-bal%C4%B1k-1-emin%C3%B6n%C3%BC-merkez-istanbul/info,
480,,,,,,Taksim,https://www.zomato.com/istanbul/yaka-bal%C4%B1k-1-emin%C3%B6n%C3%BC-merkez-istanbul/info,
481,,,,,,Taksim,https://www.zomato.com/istanbul/galata-dersaadet-restaurant-emin%C3%B6n%C3%BC-merkez-istanbul/info,
482,,,,,,Taksim,https://www.zomato.com/istanbul/%C3%A7%C4%B1ra%C4%9Fan-restaurant-be%C5%9Fikta%C5%9F-merkez-istanbul/info,
483,,,,,,Taksim,https://www.zomato.com/istanbul/maxigala-emin%C3%B6n%C3%BC-merkez-istanbul/info,
484,,,,,,Taksim,https://www.zomato.com/istanbul/roof-mezze-360-sirkeci-istanbul/info,
485,,,,,,Taksim,https://www.zomato.com/istanbul/ace-restaurant-lounge-avantgarde-levent-hotel-esentepe-istanbul/info,
486,,,,,,Taksim,https://www.zomato.com/istanbul/historical-kumkap%C4%B1-restaurant-kumkap%C4%B1-istanbul/info,
487,,,,,,Taksim,https://www.zomato.com/istanbul/lekker-cafe-restaurant-ca%C4%9Falo%C4%9Flu-istanbul/info,
488,,,,,,Taksim,https://www.zomato.com/istanbul/vezenan-restaurant-emin%C3%B6n%C3%BC-merkez-istanbul/info,
489,,,,,,Taksim,https://www.zomato.com/istanbul/el-marina-fish-meat-restaurant-kumkap%C4%B1-istanbul/info,
490,,,,,,Taksim,https://www.zomato.com/istanbul/karag%C3%B6z-zorba-restaurant-balat-istanbul/info,
491,,,,,,Taksim,https://www.zomato.com/istanbul/byzantion-bistro-restaurant-laleli-istanbul/info,
492,,,,,,Taksim,https://www.zomato.com/istanbul/junior-emin%C3%B6n%C3%BC-merkez-istanbul/info,
493,,,,,,Taksim,https://www.zomato.com/istanbul/star-restaurant-emin%C3%B6n%C3%BC-merkez-istanbul/info,
494,,,,,,Taksim,https://www.zomato.com/istanbul/yeni-harman-restaurant-ocakba%C5%9F%C4%B1-%C3%BCsk%C3%BCdar-merkez-istanbul/info,
495,,,,,,Taksim,https://www.zomato.com/istanbul/adonin-cafe-restaurant-sultanahmet-istanbul/info,
496,,,,,,Taksim,https://www.zomato.com/istanbul/hatay-ocakba%C5%9F%C4%B1-topkap%C4%B1-istanbul/info,
497,,,,,,Taksim,https://www.zomato.com/istanbul/gala-life-1-emin%C3%B6n%C3%BC-merkez-istanbul/info,
498,,,,,,Taksim,https://www.zomato.com/istanbul/gazeteciler-cemiyeti-lokali-ca%C4%9Falo%C4%9Flu-istanbul/info,
499,,,,,,Taksim,https://www.zomato.com/istanbul/meydan-restaurant-yenikap%C4%B1-istanbul/info,
500,,,,,,Taksim,https://www.zomato.com/istanbul/popina-emin%C3%B6n%C3%BC-merkez-istanbul/info,
501,,,,,,Taksim,https://www.zomato.com/istanbul/huzur-cafe-restaurant-sultanahmet-istanbul/info,
502,,,,,,Taksim,https://www.zomato.com/istanbul/g%C3%BClhane-%C5%9Fark-sofras%C4%B1-ca%C4%9Falo%C4%9Flu-istanbul/info,
503,,,,,,Taksim,https://www.zomato.com/istanbul/midpoint-taksim-istanbul/info,
504,,,,,,Taksim,https://www.zomato.com/istanbul/faros-restaurant-taksim-taksim-istanbul/info,
505,,,,,,Taksim,https://www.zomato.com/istanbul/tarihi-pano-%C5%9Faraphanesi-2-taksim-istanbul/info,
506,,,,,,Taksim,https://www.zomato.com/istanbul/lulu-hookah-lounge-zimmer-hotel-bosphorus-kabata%C5%9F-istanbul/info,
507,,,,,,Taksim,https://www.zomato.com/istanbul/greecology-cihangir-istanbul/info,
508,,,,,,Taksim,https://www.zomato.com/istanbul/kahvedan-cihangir-istanbul/info,
509,,,,,,Taksim,https://www.zomato.com/istanbul/divan-pub-divan-i%CC%87stanbul-g%C3%BCm%C3%BC%C5%9Fsuyu-istanbul/info,
510,,,,,,Taksim,https://www.zomato.com/istanbul/asitane-restaurant-ayvansaray-istanbul/info,
511,,,,,,Taksim,https://www.zomato.com/istanbul/pandeli-restaurant-emin%C3%B6n%C3%BC-merkez-istanbul/info,
512,,,,,,Taksim,https://www.zomato.com/istanbul/divine-brasserie-jazz-club-ni%C5%9Fanta%C5%9F%C4%B1-istanbul/info,
513,,,,,,Taksim,https://www.zomato.com/istanbul/cortiletto-pizzeria-bar-ni%C5%9Fanta%C5%9F%C4%B1-istanbul/info,
514,,,,,,Taksim,https://www.zomato.com/istanbul/socrates-bistro-ni%C5%9Fanta%C5%9F%C4%B1-istanbul/info,
515,,,,,,Taksim,https://www.zomato.com/istanbul/ikimizin-yeri-ocakba%C5%9F%C4%B1-kurtulu%C5%9F-istanbul/info,
516,,,,,,Taksim,https://www.zomato.com/istanbul/le-bar-shangri-la-bosphorus-i%CC%87stanbul-be%C5%9Fikta%C5%9F-merkez-istanbul/info,
517,,,,,,Taksim,https://www.zomato.com/istanbul/m%C3%BClkiyeliler-birli%C4%9Fi-lokali-kuzguncuk-istanbul/info,
518,,,,,,Taksim,https://www.zomato.com/istanbul/arden-bistro-bar-arden-city-hotel-ca%C4%9Falo%C4%9Flu-istanbul/info,
519,,,,,,Taksim,https://www.zomato.com/istanbul/healin-foods-3-ni%C5%9Fanta%C5%9F%C4%B1-istanbul/info,
520,,,,,,Taksim,https://www.zomato.com/istanbul/h%C3%BCnkar-restaurant-1-ni%C5%9Fanta%C5%9F%C4%B1-istanbul/info,
521,,,,,,Taksim,https://www.zomato.com/istanbul/a%C5%9F%C5%9Fk-kahve-ni%C5%9Fanta%C5%9F%C4%B1-istanbul/info,
522,,,,,,Taksim,https://www.zomato.com/istanbul/the-urban-goat-ni%C5%9Fanta%C5%9F%C4%B1-istanbul/info,
523,,,,,,Taksim,https://www.zomato.com/istanbul/i%C3%A7eri-adana-ocakba%C5%9F%C4%B1-g%C3%BClba%C4%9F-istanbul/info,
524,,,,,,Taksim,https://www.zomato.com/istanbul/by-cunda-mezze-bal%C4%B1k-evi-gayrettepe-merkez-istanbul/info,
525,,,,,,Taksim,https://www.zomato.com/istanbul/panoramic-restaurant-adamar-hotel-sultanahmet-istanbul/info,
526,,,,,,Taksim,https://www.zomato.com/istanbul/constantines-ark-restaurant-cafe-sirkeci-istanbul/info,
527,,,,,,Taksim,https://www.zomato.com/istanbul/khorasani-grill-house-sultanahmet-istanbul/info,
528,,,,,,Taksim,https://www.zomato.com/istanbul/bon-a-petit-cafe-cake-radisson-blu-hotel-%C5%9Ei%C5%9Fli-merkez-istanbul/info,
529,,,,,,Taksim,https://www.zomato.com/istanbul/mio-galata-emin%C3%B6n%C3%BC-merkez-istanbul/info,
530,,,,,,Taksim,https://www.zomato.com/istanbul/raymond-restaurant-sirkeci-istanbul/info,
531,,,,,,Taksim,https://www.zomato.com/istanbul/big-mammas-haseki-istanbul/info,
532,,,,,,Taksim,https://www.zomato.com/istanbul/saltanat-fish-kebap-house-sultanahmet-istanbul/info,
533,,,,,,Taksim,https://www.zomato.com/istanbul/mezzanine-restaurant-akg%C3%BCn-istanbul-hotel-topkap%C4%B1-istanbul/info,
534,,,,,,Taksim,https://www.zomato.com/istanbul/tarihi-merkez-lokantas%C4%B1-1-yenikap%C4%B1-istanbul/info,
535,,,,,,Taksim,https://www.zomato.com/istanbul/lobi-bar-akgn-stanbul-hotel-topkap%C4%B1-istanbul/info,
536,,,,,,Taksim,https://www.zomato.com/istanbul/rumeli-cafe-restaurant-1-sultanahmet-istanbul/info,
537,,,,,,Taksim,https://www.zomato.com/istanbul/revan-restaurant-eresin-hotels-topkap%C4%B1-topkap%C4%B1-istanbul/info,
538,,,,,,Taksim,https://www.zomato.com/istanbul/kalinka-meyhane-1-taksim-istanbul/info,
539,,,,,,Taksim,https://www.zomato.com/istanbul/mercan-restaurant-taksim-istanbul/info,
540,,,,,,Taksim,https://www.zomato.com/istanbul/manolya-restaurant-taksim-istanbul/info,
541,,,,,,Taksim,https://www.zomato.com/istanbul/aladdin-istanbul-grand-star-hotel-taksim-istanbul/info,
542,,,,,,Taksim,https://www.zomato.com/istanbul/sultan-kebap-fish-taksim-istanbul/info,
543,,,,,,Taksim,https://www.zomato.com/istanbul/kiki-taksim-istanbul/info,
544,,,,,,Taksim,https://www.zomato.com/istanbul/flekk-taksim-istanbul/info,
545,,,,,,Taksim,https://www.zomato.com/istanbul/neoclassic-taksim-istanbul/info,
546,,,,,,Taksim,https://www.zomato.com/istanbul/marlen-bar-taksim-istanbul/info,
547,,,,,,Taksim,https://www.zomato.com/istanbul/miss-pizza-si%C5%9Fhane-istanbul/info,
548,,,,,,Taksim,https://www.zomato.com/istanbul/moretenders-cocktail-crib-asmal%C4%B1mescit-istanbul/info,
549,,,,,,Taksim,https://www.zomato.com/istanbul/parole-asmal%C4%B1mescit-istanbul/info,
550,,,,,,Taksim,https://www.zomato.com/istanbul/ayaspa%C5%9Fa-russian-restaurant-g%C3%BCm%C3%BC%C5%9Fsuyu-istanbul/info,
551,,,,,,Taksim,https://www.zomato.com/istanbul/setup-kabata%C5%9F-istanbul/info,
552,,,,,,Taksim,https://www.zomato.com/istanbul/ambiyans-asmal%C4%B1mescit-istanbul/info,
553,,,,,,Taksim,https://www.zomato.com/istanbul/21-cihangir-istanbul/info,
554,,,,,,Taksim,https://www.zomato.com/istanbul/shall-we-asmal%C4%B1mescit-istanbul/info,
555,,,,,,Taksim,https://www.zomato.com/istanbul/the-junction-1-asmal%C4%B1mescit-istanbul/info,
556,,,,,,Taksim,https://www.zomato.com/istanbul/as%C4%B1r-restaurant-tarlaba%C5%9F%C4%B1-istanbul/info,
557,,,,,,Taksim,https://www.zomato.com/istanbul/madam-ni%C3%A7a-g%C3%BCm%C3%BC%C5%9Fsuyu-istanbul/info,
558,,,,,,Taksim,https://www.zomato.com/istanbul/pera-antakya-asmal%C4%B1mescit-istanbul/info,
559,,,,,,Taksim,https://www.zomato.com/istanbul/divan-bar-divan-i%CC%87stanbul-g%C3%BCm%C3%BC%C5%9Fsuyu-istanbul/info,
560,,,,,,Taksim,https://www.zomato.com/istanbul/ambiyans-gece-asmal%C4%B1mescit-istanbul/info,
561,,,,,,Taksim,https://www.zomato.com/istanbul/malabadi-mangal-evi-asmal%C4%B1mescit-istanbul/info,
562,,,,,,Taksim,https://www.zomato.com/istanbul/mirch-masala-indian-restaurant-g%C3%BCm%C3%BC%C5%9Fsuyu-istanbul/info,
563,,,,,,Taksim,https://www.zomato.com/istanbul/monkey-istanbul-si%C5%9Fhane-istanbul/info,
564,,,,,,Taksim,https://www.zomato.com/istanbul/the-library-bar-grand-hyatt-i%CC%87stanbul-g%C3%BCm%C3%BC%C5%9Fsuyu-istanbul/info,
565,,,,,,Taksim,https://www.zomato.com/istanbul/grey-food-drink-ni%C5%9Fanta%C5%9F%C4%B1-istanbul/info,
566,,,,,,Taksim,https://www.zomato.com/istanbul/karak%C3%B6y%C3%BCm-karak%C3%B6y-istanbul/info,
567,,,,,,Taksim,https://www.zomato.com/istanbul/bosphorus-brewing-company-gayrettepe-merkez-istanbul/info,
568,,,,,,Taksim,https://www.zomato.com/istanbul/craft-beer-lab-6-akaretler-istanbul/info,
569,,,,,,Taksim,https://www.zomato.com/istanbul/alta-ni%C5%9Fanta%C5%9F%C4%B1-istanbul/info,
570,,,,,,Taksim,https://www.zomato.com/istanbul/semt-ocakba%C5%9F%C4%B1-1-be%C5%9Fikta%C5%9F-merkez-istanbul/info,
571,,,,,,Taksim,https://www.zomato.com/istanbul/foxy-karak%C3%B6y-karak%C3%B6y-istanbul/info,
572,,,,,,Taksim,https://www.zomato.com/istanbul/hunhar-1-ni%C5%9Fanta%C5%9F%C4%B1-istanbul/info,
573,,,,,,Taksim,https://www.zomato.com/istanbul/naomi-ni%C5%9Fanta%C5%9F%C4%B1-istanbul/info,
574,,,,,,Taksim,https://www.zomato.com/istanbul/teddy-istanbul-esentepe-istanbul/info,
575,,,,,,Taksim,https://www.zomato.com/istanbul/roof-bar-legacy-ottoman-hotel-emin%C3%B6n%C3%BC-merkez-istanbul/info,
576,,,,,,Taksim,https://www.zomato.com/istanbul/cheers-levaz%C4%B1m-istanbul/info,
577,,,,,,Taksim,https://www.zomato.com/istanbul/club-bosphorus-kuru%C3%A7e%C5%9Fme-istanbul/info,
578,,,,,,Taksim,https://www.zomato.com/istanbul/sky-cafe-istanbul-topkap%C4%B1-istanbul/info,
579,,,,,,Taksim,https://www.zomato.com/istanbul/fauchon-paris-levaz%C4%B1m-istanbul/info,
580,,,,,,Taksim,https://www.zomato.com/istanbul/kozmonot-pub-bomonti-istanbul/info,
581,,,,,,Taksim,https://www.zomato.com/istanbul/house-of-medusa-sultanahmet-istanbul/info,
582,,,,,,Taksim,https://www.zomato.com/istanbul/antakya-restaurant-beyaz%C4%B1t-istanbul/info,
583,,,,,,Taksim,https://www.zomato.com/istanbul/raum-akaretler-istanbul/info,
584,,,,,,Taksim,https://www.zomato.com/istanbul/selimiye-park-restaurant-salacak-istanbul/info,
585,,,,,,Taksim,https://www.zomato.com/istanbul/i%CC%87zmir-meyhanesi-esentepe-istanbul/info,
586,,,,,,Taksim,https://www.zomato.com/istanbul/%C5%9Fi%C5%9Fli-bal%C4%B1k%C3%A7%C4%B1s%C4%B1-osmanbey-istanbul/info,
587,,,,,,Taksim,https://www.zomato.com/istanbul/wu-bomonti-bomonti-istanbul/info,
588,,,,,,Taksim,https://www.zomato.com/istanbul/le-vapeur-magique-sirkeci-istanbul/info,
589,,,,,,Taksim,https://www.zomato.com/istanbul/mosaic-terrace-eresin-hotels-sultanahmet-boutique-hotel-sultanahmet-istanbul/info,
590,,,,,,Taksim,https://www.zomato.com/istanbul/alt%C4%B1bu%C3%A7uk-adana-ocakba%C5%9F%C4%B1-1-ni%C5%9Fanta%C5%9F%C4%B1-istanbul/info,
591,,,,,,Taksim,https://www.zomato.com/baliknoktasi/info,
592,,,,,,Taksim,https://www.zomato.com/istanbul/%C3%A7ark%C4%B1felek-ocakba%C5%9F%C4%B1-ba%C4%9Flarba%C5%9F%C4%B1-%C3%BCsk%C3%BCdar-istanbul/info,
593,,,,,,Taksim,https://www.zomato.com/istanbul/i%CC%87t%C3%BC-ma%C3%A7ka-havuzba%C5%9F%C4%B1-restoran-ma%C3%A7ka-istanbul/info,
594,,,,,,Taksim,https://www.zomato.com/istanbul/alpi-da%C4%9F-evi-eataly-levaz%C4%B1m-istanbul/info,
595,,,,,,Taksim,https://www.zomato.com/istanbul/%C3%A7%C4%B1t%C4%B1r-ocakba%C5%9F%C4%B1-gayrettepe-merkez-istanbul/info,
596,,,,,,Taksim,https://www.zomato.com/istanbul/inspired-choice-botanic-cocktail-bar-ni%C5%9Fanta%C5%9F%C4%B1-istanbul/info,
597,,,,,,Taksim,https://www.zomato.com/istanbul/east-food-chinese-restaurant-sultanahmet-istanbul/info,
598,,,,,,Taksim,https://www.zomato.com/istanbul/yeni-k%C3%B6%C5%9Fem-restaurant-fish-meat-kumkap%C4%B1-istanbul/info,
599,,,,,,Taksim,https://www.zomato.com/istanbul/lotiz-lounge-hookah-laleli-istanbul/info,
600,,,,,,Taksim,https://www.zomato.com/istanbul/merakl%C4%B1-bal%C4%B1k-restaurant-be%C5%9Fikta%C5%9F-merkez-istanbul/info,
601,,,,,,Taksim,https://www.zomato.com/istanbul/foodie-ist-sultanahmet-istanbul/info,
602,,,,,,Taksim,https://www.zomato.com/istanbul/cozy-restaurant-cafe-sultanahmet-istanbul/info,
603,,,,,,Taksim,https://www.zomato.com/istanbul/kumkap-ege-restaurant-kumkap%C4%B1-istanbul/info,
604,,,,,,Taksim,https://www.zomato.com/istanbul/y%C4%B1ld%C4%B1zlar-restaurant-emin%C3%B6n%C3%BC-merkez-istanbul/info,
605,,,,,,Taksim,https://www.zomato.com/istanbul/pub-avni-harbiye-istanbul/info,
606,,,,,,Taksim,https://www.zomato.com/istanbul/zeytinyal%C4%B1-restaurant-double-tree-by-hilton-istanbul-esentepe-esentepe-istanbul/info,
607,,,,,,Taksim,https://www.zomato.com/istanbul/mykonos-bal%C4%B1k-kumkap%C4%B1-istanbul/info,
608,,,,,,Taksim,https://www.zomato.com/istanbul/chang-cheng-restaurant-%C3%87emberlita%C5%9F-istanbul/info,
609,,,,,,Taksim,https://www.zomato.com/istanbul/le-safran-restaurant-sultanahmet-istanbul/info,
610,,,,,,Taksim,https://www.zomato.com/istanbul/al-hallab-t%C3%BCrkiye-ni%C5%9Fanta%C5%9F%C4%B1-istanbul/info,
611,,,,,,Taksim,https://www.zomato.com/istanbul/s%C4%B1revi-restaurant-bistro-sultanahmet-istanbul/info,
612,,,,,,Taksim,https://www.zomato.com/istanbul/y%C4%B1ld%C4%B1z-restaurant-mecidiyek%C3%B6y-merkez-istanbul/info,
613,,,,,,Taksim,https://www.zomato.com/istanbul/living-room-bistro-renaissance-i%CC%87stanbul-bosphorus-hotel-gayrettepe-merkez-istanbul/info,
614,,,,,,Taksim,https://www.zomato.com/istanbul/by-kinyas-restaurant-sultanahmet-istanbul/info,
615,,,,,,Taksim,https://www.zomato.com/istanbul/gar-pub-restaurant-sirkeci-istanbul/info,
616,,,,,,Taksim,https://www.zomato.com/istanbul/omar-restaurant-cafe-sultanahmet-istanbul/info,
617,,,,,,Taksim,https://www.zomato.com/istanbul/maide-restaurant-ottomans-life-hotel-deluxe-f%C4%B1nd%C4%B1kzade-istanbul/info,
618,,,,,,Taksim,https://www.zomato.com/istanbul/new-hatay-restaurant-sirkeci-istanbul/info,
619,,,,,,Taksim,https://www.zomato.com/istanbul/se%C3%A7kin-ocakba%C5%9F%C4%B1-bal%C4%B1k-restaurant-mecidiyek%C3%B6y-merkez-istanbul/info,
620,,,,,,Taksim,https://www.zomato.com/istanbul/terrace-marmara-restaurant-blue-house-hotel-sultanahmet-istanbul/info,
621,,,,,,Taksim,https://www.zomato.com/istanbul/my-bar-i%CC%87stanbul-marriott-hotel-%C5%9Fi%C5%9Fli-%C5%9Ei%C5%9Fli-merkez-istanbul/info,
622,,,,,,Taksim,https://www.zomato.com/istanbul/malik%C3%A2ne-esentepe-istanbul/info,
623,,,,,,Taksim,https://www.zomato.com/istanbul/antique-turquoise-pub-restaurant-sultanahmet-istanbul/info,
624,,,,,,Taksim,https://www.zomato.com/istanbul/marinero-restaurant-emin%C3%B6n%C3%BC-merkez-istanbul/info,
625,,,,,,Taksim,https://www.zomato.com/istanbul/palmiye-restaurant-1-sultanahmet-istanbul/info,
626,,,,,,Taksim,https://www.zomato.com/istanbul/sezgin-pub-kumkap%C4%B1-istanbul/info,
627,,,,,,Taksim,https://www.zomato.com/istanbul/zurich-bar-restaurant-zurich-hotel-laleli-istanbul/info,
628,,,,,,Taksim,https://www.zomato.com/istanbul/sanat-restaurant-emin%C3%B6n%C3%BC-merkez-istanbul/info,
629,,,,,,Taksim,https://www.zomato.com/istanbul/dream-istanbul-sultanahmet-istanbul/info,
630,,,,,,Taksim,https://www.zomato.com/istanbul/antakya-mutfa%C4%9F%C4%B1-d%C3%B6ner-akaretler-istanbul/info,
631,,,,,,Taksim,https://www.zomato.com/istanbul/%C5%9Fiva-cafe-restaurant-1-sultanahmet-istanbul/info,
632,,,,,,Taksim,https://www.zomato.com/istanbul/akdeniz-restaurant-fatih-merkez-istanbul/info,
633,,,,,,Taksim,https://www.zomato.com/istanbul/istanbul-kitchen-cafe-restaurant-sultanahmet-istanbul/info,
634,,,,,,Taksim,https://www.zomato.com/istanbul/sultania-restaurant-hotel-sultania-sirkeci-istanbul/info,
635,,,,,,Taksim,https://www.zomato.com/istanbul/dejavu-restaurant-bar-1-sirkeci-istanbul/info,
636,,,,,,Taksim,https://www.zomato.com/istanbul/kebap-house-restaurant-harbiye-istanbul/info,
637,,,,,,Taksim,https://www.zomato.com/istanbul/akb%C4%B1y%C4%B1k-fish-house-sultanahmet-istanbul/info,
638,,,,,,Taksim,https://www.zomato.com/istanbul/pierre-loti-street-cafe-restaurant-%C3%87emberlita%C5%9F-istanbul/info,
639,,,,,,Taksim,https://www.zomato.com/istanbul/golden-kitchen-kurtulu%C5%9F-istanbul/info,
640,,,,,,Taksim,https://www.zomato.com/istanbul/lobi-bar-holiday-inn-istanbul-city-hotel-topkap%C4%B1-istanbul/info,
641,,,,,,Taksim,https://www.zomato.com/istanbul/kristal-restaurant-ba%C4%9Flarba%C5%9F%C4%B1-%C3%BCsk%C3%BCdar-istanbul/info,
642,,,,,,Taksim,https://www.zomato.com/istanbul/cafe-de-plaza-mercure-istanbul-the-plaza-bosphorus-gayrettepe-merkez-istanbul/info,
643,,,,,,Taksim,https://www.zomato.com/istanbul/lobby-bar-legacy-ottoman-hotel-emin%C3%B6n%C3%BC-merkez-istanbul/info,
644,,,,,,Taksim,https://www.zomato.com/istanbul/anatolia-restaurant-1-beyaz%C4%B1t-istanbul/info,
645,,,,,,Taksim,https://www.zomato.com/istanbul/r%C3%BCyam-restaurant-hask%C3%B6y-okmeydan%C4%B1-istanbul/info,
646,,,,,,Taksim,https://www.zomato.com/istanbul/garden-caf%C3%A9-restaurant-glk-premier-regency-suites-s-sultanahmet-istanbul/info,
647,,,,,,Taksim,https://www.zomato.com/istanbul/palmiye-restaurant-yenikap%C4%B1-istanbul/info,
648,,,,,,Taksim,https://www.zomato.com/istanbul/murad%C4%B1m-ocakba%C5%9F%C4%B1-ku%C5%9Ftepe-istanbul/info,
649,,,,,,Taksim,https://www.zomato.com/istanbul/ela-sofia-kebap-sultanahmet-istanbul/info,
650,,,,,,Taksim,https://www.zomato.com/istanbul/cafe-bunka-sushi-japanese-restaurant-taksim-istanbul/info,
651,,,,,,Taksim,https://www.zomato.com/istanbul/vera-cafe-bistro-taksim-istanbul/info,
652,,,,,,Taksim,https://www.zomato.com/istanbul/taksim-big-boss-fish-kebap-cafe-rest-taksim-istanbul/info,
653,,,,,,Taksim,https://www.zomato.com/istanbul/pizzeria-pera-asmal%C4%B1mescit-istanbul/info,
654,,,,,,Taksim,https://www.zomato.com/istanbul/bigchefs-si%C5%9Fhane-istanbul/info,
655,,,,,,Taksim,https://www.zomato.com/istanbul/kakt%C3%BCs-kahvesi-cihangir-istanbul/info,
656,,,,,,Taksim,https://www.zomato.com/istanbul/cafe-marmara-the-marmara-pera-asmal%C4%B1mescit-istanbul/info,
657,,,,,,Taksim,https://www.zomato.com/istanbul/tarihi-meyzade-kas%C4%B1mpa%C5%9Fa-istanbul/info,
658,,,,,,Taksim,https://www.zomato.com/istanbul/nardis-jazz-club-galata-istanbul/info,
659,,,,,,Taksim,https://www.zomato.com/istanbul/kase-no-16-ni%C5%9Fanta%C5%9F%C4%B1-istanbul/info,
660,,,,,,Taksim,https://www.zomato.com/istanbul/thales-bistro-be%C5%9Fikta%C5%9F-merkez-istanbul/info,
661,,,,,,Taksim,https://www.zomato.com/istanbul/cafe-wien-ni%C5%9Fanta%C5%9F%C4%B1-istanbul/info,
662,,,,,,Taksim,https://www.zomato.com/istanbul/chez-moi-karak%C3%B6y-istanbul/info,
663,,,,,,Taksim,https://www.zomato.com/istanbul/cafe-zone-ni%C5%9Fanta%C5%9F%C4%B1-istanbul/info,
664,,,,,,Taksim,https://www.zomato.com/istanbul/sushico-ni%C5%9Fanta%C5%9F%C4%B1-istanbul/info,
665,,,,,,Taksim,https://www.zomato.com/istanbul/touch%C3%A9-levaz%C4%B1m-istanbul/info,
666,,,,,,Taksim,https://www.zomato.com/istanbul/karak%C3%B6y-g%C3%BCmr%C3%BCk-karak%C3%B6y-istanbul/info,
667,,,,,,Taksim,https://www.zomato.com/istanbul/caffe-il-gusto-ristorante-akaretler-istanbul/info,
668,,,,,,Taksim,https://www.zomato.com/istanbul/kybele-cafe-restaurant-sultanahmet-istanbul/info,
669,,,,,,Taksim,https://www.zomato.com/istanbul/view-point-restaurant-point-hotel-barbaros-gayrettepe-merkez-istanbul/info,
670,,,,,,Taksim,https://www.zomato.com/istanbul/the-han-restaurant-sultanahmet-istanbul/info,
671,,,,,,Taksim,https://www.zomato.com/istanbul/sura-restaurant-sura-hotel-sultanahmet-istanbul/info,
672,,,,,,Taksim,https://www.zomato.com/istanbul/sultanahmet-fish-house-ca%C4%9Falo%C4%9Flu-istanbul/info,
673,,,,,,Taksim,https://www.zomato.com/istanbul/garden-mezze-%C3%87emberlita%C5%9F-istanbul/info,
674,,,,,,Taksim,https://www.zomato.com/istanbul/pool-cafe-hilton-i%CC%87stanbul-bosphorus-harbiye-istanbul/info,
675,,,,,,Taksim,https://www.zomato.com/istanbul/kartal-yuvas%C4%B1-restaurant-dikilita%C5%9F-istanbul/info,
676,,,,,,Taksim,https://www.zomato.com/istanbul/live-restaurant-bar-arts-hotel-istanbul-osmanbey-istanbul/info,
677,,,,,,Taksim,https://www.zomato.com/istanbul/orka-royal-cafe-restaurant-sirkeci-istanbul/info,
678,,,,,,Taksim,https://www.zomato.com/istanbul/ay%C4%B1n%C4%B1n-yeri-karak%C3%B6y-istanbul/info,
679,,,,,,Taksim,https://www.zomato.com/istanbul/cans%C4%B1n-restaurant-emin%C3%B6n%C3%BC-merkez-istanbul/info,
680,,,,,,Taksim,https://www.zomato.com/istanbul/bas%C4%B1l%C4%B1ca-restaurant-sultanahmet-istanbul/info,
681,,,,,,Taksim,https://www.zomato.com/istanbul/zamos-cafe-restaurant-sultanahmet-istanbul/info,
682,,,,,,Taksim,https://www.zomato.com/istanbul/masal-cafe-restaurant-sultanahmet-istanbul/info,
683,,,,,,Taksim,https://www.zomato.com/istanbul/old-istanbul-cuisine-cafe-restaurant-ca%C4%9Falo%C4%9Flu-istanbul/info,
684,,,,,,Taksim,https://www.zomato.com/istanbul/rotana-i%CC%87stanbul-harbiye-istanbul/info,
685,,,,,,Taksim,https://www.zomato.com/istanbul/aksu-restaurant-laleli-istanbul/info,
686,,,,,,Taksim,https://www.zomato.com/istanbul/daphne-restaurant-hotel-mosaic-laleli-istanbul/info,
687,,,,,,Taksim,https://www.zomato.com/istanbul/vivaldi-cafe-restaurant-yenikap%C4%B1-istanbul/info,
688,,,,,,Taksim,https://www.zomato.com/istanbul/diana-hotel-pub-restaurant-laleli-istanbul/info,
689,,,,,,Taksim,https://www.zomato.com/istanbul/cooking-alaturka-sultanahmet-istanbul/info,
690,,,,,,Taksim,https://www.zomato.com/istanbul/lobby-bar-and-lounge-ramada-plaza-i%CC%87stanbul-osmanbey-istanbul/info,
691,,,,,,Taksim,https://www.zomato.com/istanbul/%C3%B6zg%C3%BCn-restaurant-taksim-istanbul/info,
692,,,,,,Taksim,https://www.zomato.com/istanbul/vesta-restaurant-taksim-istanbul/info,
693,,,,,,Taksim,https://www.zomato.com/istanbul/club-temple-taksim-istanbul/info,
694,,,,,,Taksim,https://www.zomato.com/istanbul/pera-restaurant-taksim-istanbul/info,
695,,,,,,Taksim,https://www.zomato.com/istanbul/g%C3%BCney-restaurant-galata-istanbul/info,
696,,,,,,Taksim,https://www.zomato.com/istanbul/journey-cihangir-istanbul/info,
697,,,,,,Taksim,https://www.zomato.com/istanbul/ada-istiklal-cafe-asmal%C4%B1mescit-istanbul/info,
698,,,,,,Taksim,https://www.zomato.com/istanbul/chez-bore-cihangir-istanbul/info,
699,,,,,,Taksim,https://www.zomato.com/istanbul/mezzanine-lounge-bar-grand-hyatt-i%CC%87stanbul-g%C3%BCm%C3%BC%C5%9Fsuyu-istanbul/info,
700,,,,,,Taksim,https://www.zomato.com/istanbul/the-local-grill-by-do%C4%9Fan-chef-dolapdere-istanbul/info,
701,,,,,,Taksim,https://www.zomato.com/istanbul/mares-restaurant-nidya-hotel-tophane-istanbul/info,
702,,,,,,Taksim,https://www.zomato.com/istanbul/beyo%C4%9Flu-%C5%9Faraphanesi-1-asmal%C4%B1mescit-istanbul/info,
703,,,,,,Taksim,https://www.zomato.com/istanbul/9-ece-aksoy-asmal%C4%B1mescit-istanbul/info,
704,,,,,,Taksim,https://www.zomato.com/istanbul/caba-cihangir-cihangir-istanbul/info,
705,,,,,,Taksim,https://www.zomato.com/kilitbar/info,
706,,,,,,Taksim,https://www.zomato.com/istanbul/cookshop-1-ni%C5%9Fanta%C5%9F%C4%B1-istanbul/info,
707,,,,,,Taksim,https://www.zomato.com/istanbul/akustikhane-ortak%C3%B6y-merkez-istanbul/info,
708,,,,,,Taksim,https://www.zomato.com/istanbul/aleni-ocakba%C5%9F%C4%B1-gayrettepe-merkez-istanbul/info,
